Time,dogecoin,bitcoin,ethereum,shared
2021-01-25 00:00:00,49,,,
2021-01-25 01:00:00,37,,,
2021-01-25 02:00:00,17,,,
2021-01-25 03:00:00,23,,,
2021-01-25 04:00:00,30,,,
2021-01-25 05:00:00,24,,,
2021-01-25 06:00:00,25,,,
2021-01-25 07:00:00,22,,,
2021-01-25 08:00:00,23,,,
2021-01-25 09:00:00,21,,,
2021-01-25 10:00:00,18,,,
2021-01-25 11:00:00,12,,,
2021-01-25 12:00:00,31,,,
2021-01-25 13:00:00,33,,,
2021-01-25 14:00:00,26,,,
2021-01-25 15:00:00,35,,,
2021-01-25 16:00:00,49,,,
2021-01-25 17:00:00,42,,,
2021-01-25 18:00:00,38,,,
2021-01-25 19:00:00,57,,,
2021-01-25 20:00:00,37,,,
2021-01-25 21:00:00,50,,,
2021-01-25 22:00:00,37,,,
2021-01-25 23:00:00,30,,,
2021-01-26 00:00:00,34,,,
2021-01-26 01:00:00,28,,,
2021-01-26 02:00:00,45,,,
2021-01-26 03:00:00,39,,,
2021-01-26 04:00:00,33,,,
2021-01-26 05:00:00,32,,,
2021-01-26 06:00:00,22,,,
2021-01-26 07:00:00,22,,,
2021-01-26 08:00:00,24,,,
2021-01-26 09:00:00,18,,,
2021-01-26 10:00:00,22,,,
2021-01-26 11:00:00,50,,,
2021-01-26 12:00:00,39,,,
2021-01-26 13:00:00,43,,,
2021-01-26 14:00:00,45,,,
2021-01-26 15:00:00,26,,,
2021-01-26 16:00:00,32,,,
2021-01-26 17:00:00,39,,,
2021-01-26 18:00:00,30,,,
2021-01-26 19:00:00,53,,,
2021-01-26 20:00:00,69,,,
2021-01-26 21:00:00,75,,,
2021-01-26 22:00:00,55,,,
2021-01-26 23:00:00,69,,,
2021-01-27 00:00:00,56,,,
2021-01-27 01:00:00,49,,,
2021-01-27 02:00:00,44,,,
2021-01-27 03:00:00,66,,,
2021-01-27 04:00:00,33,,,
2021-01-27 05:00:00,34,,,
2021-01-27 06:00:00,37,,,
2021-01-27 07:00:00,31,,,
2021-01-27 08:00:00,30,,,
2021-01-27 09:00:00,32,,,
2021-01-27 10:00:00,31,,,
2021-01-27 11:00:00,29,,,
2021-01-27 12:00:00,50,,,
2021-01-27 13:00:00,49,,,
2021-01-27 14:00:00,66,,,
2021-01-27 15:00:00,56,,,
2021-01-27 16:00:00,91,,,
2021-01-27 17:00:00,72,,,
2021-01-27 18:00:00,143,,,
2021-01-27 19:00:00,123,,,
2021-01-27 20:00:00,109,,,
2021-01-27 21:00:00,85,,,
2021-01-27 22:00:00,122,,,
2021-01-27 23:00:00,136,,,
2021-01-28 00:00:00,148,,,
2021-01-28 01:00:00,112,,,
2021-01-28 02:00:00,163,,,
2021-01-28 03:00:00,136,,,
2021-01-28 04:00:00,1450,,,
2021-01-28 05:00:00,4542,,,
2021-01-28 06:00:00,3402,,,
2021-01-28 07:00:00,1579,,,
2021-01-28 08:00:00,1231,,,
2021-01-28 09:00:00,910,,,
2021-01-28 10:00:00,1276,,,
2021-01-28 11:00:00,1190,,,
2021-01-28 12:00:00,1225,,,
2021-01-28 13:00:00,1431,,,
2021-01-28 14:00:00,3509,,,
2021-01-28 15:00:00,6964,,,
2021-01-28 16:00:00,4351,,,
2021-01-28 17:00:00,4696,,,
2021-01-28 18:00:00,5138,,,
2021-01-28 19:00:00,6154,,,
2021-01-28 20:00:00,5453,,,
2021-01-28 21:00:00,4190,,,
2021-01-28 22:00:00,5898,,,
2021-01-28 23:00:00,12049,,,
2021-01-29 00:00:00,17726,,,
2021-01-29 01:00:00,12253,,,
2021-01-29 02:00:00,11822,,,
2021-01-29 03:00:00,25744,,,
2021-01-29 04:00:00,19520,,,
2021-01-29 05:00:00,13297,,,
2021-01-29 06:00:00,11174,,,
2021-01-29 07:00:00,9611,,,
2021-01-29 08:00:00,7554,,,
2021-01-29 09:00:00,4444,,,
2021-01-29 10:00:00,4432,,,
2021-01-29 11:00:00,4909,,,
2021-01-29 12:00:00,7491,,,
2021-01-29 13:00:00,8019,,,
2021-01-29 14:00:00,9255,,,
2021-01-29 15:00:00,9416,,,
2021-01-29 16:00:00,9775,,,
2021-01-29 17:00:00,10333,,,
2021-01-29 18:00:00,9769,,,
2021-01-29 19:00:00,8571,,,
2021-01-29 20:00:00,8079,,,
2021-01-29 21:00:00,8753,,,
2021-01-29 22:00:00,6876,,,
2021-01-29 23:00:00,5614,,,
2021-01-30 00:00:00,5176,,,
2021-01-30 01:00:00,5281,,,
2021-01-30 02:00:00,5475,,,
2021-01-30 03:00:00,5734,,,
2021-01-30 04:00:00,4989,,,
2021-01-30 05:00:00,3550,,,
2021-01-30 06:00:00,2589,,,
2021-01-30 07:00:00,2250,,,
2021-01-30 08:00:00,1954,,,
2021-01-30 09:00:00,1749,,,
2021-01-30 10:00:00,1855,,,
2021-01-30 11:00:00,1499,,,
2021-01-30 12:00:00,1995,,,
2021-01-30 13:00:00,2099,,,
2021-01-30 14:00:00,2227,,,
2021-01-30 15:00:00,2172,,,
2021-01-30 16:00:00,2891,,,
2021-01-30 17:00:00,2582,,,
2021-01-30 18:00:00,2414,,,
2021-01-30 19:00:00,2495,,,
2021-01-30 20:00:00,3128,,,
2021-01-30 21:00:00,3037,,,
2021-01-30 22:00:00,3872,,,
2021-01-30 23:00:00,2814,,,
2021-01-31 00:00:00,2107,1068.0,89.0,138.0
2021-01-31 01:00:00,1727,841.0,92.0,133.0
2021-01-31 02:00:00,1896,863.0,73.0,151.0
2021-01-31 03:00:00,1440,935.0,73.0,124.0
2021-01-31 04:00:00,1400,670.0,92.0,127.0
2021-01-31 05:00:00,1158,686.0,92.0,145.0
2021-01-31 06:00:00,994,687.0,61.0,137.0
2021-01-31 07:00:00,939,712.0,52.0,158.0
2021-01-31 08:00:00,792,921.0,109.0,166.0
2021-01-31 09:00:00,624,892.0,96.0,192.0
2021-01-31 10:00:00,641,788.0,79.0,197.0
2021-01-31 11:00:00,675,896.0,88.0,247.0
2021-01-31 12:00:00,819,954.0,104.0,198.0
2021-01-31 13:00:00,782,1068.0,97.0,262.0
2021-01-31 14:00:00,976,1116.0,118.0,272.0
2021-01-31 15:00:00,1067,1557.0,132.0,237.0
2021-01-31 16:00:00,1877,1394.0,109.0,294.0
2021-01-31 17:00:00,2408,1517.0,120.0,206.0
2021-01-31 18:00:00,6900,1498.0,95.0,214.0
2021-01-31 19:00:00,6405,1452.0,94.0,239.0
2021-01-31 20:00:00,5583,1353.0,77.0,218.0
2021-01-31 21:00:00,4270,1587.0,71.0,172.0
2021-01-31 22:00:00,2931,1264.0,62.0,196.0
2021-01-31 23:00:00,2425,1110.0,73.0,128.0
2021-02-01 00:00:00,1982,1234.0,144.0,165.0
2021-02-01 01:00:00,1826,1073.0,109.0,124.0
2021-02-01 02:00:00,1774,1178.0,119.0,133.0
2021-02-01 03:00:00,1403,1113.0,121.0,161.0
2021-02-01 04:00:00,1950,1085.0,98.0,156.0
2021-02-01 05:00:00,2021,1018.0,125.0,150.0
2021-02-01 06:00:00,2866,1749.0,152.0,173.0
2021-02-01 07:00:00,2139,1544.0,138.0,182.0
2021-02-01 08:00:00,960,1541.0,141.0,220.0
2021-02-01 09:00:00,933,1735.0,157.0,191.0
2021-02-01 10:00:00,958,1337.0,146.0,211.0
2021-02-01 11:00:00,943,1535.0,152.0,240.0
2021-02-01 12:00:00,886,1430.0,127.0,248.0
2021-02-01 13:00:00,1364,1552.0,159.0,304.0
2021-02-01 14:00:00,1972,1816.0,238.0,719.0
2021-02-01 15:00:00,1472,1712.0,197.0,458.0
2021-02-01 16:00:00,1505,1767.0,199.0,273.0
2021-02-01 17:00:00,1347,1991.0,206.0,268.0
2021-02-01 18:00:00,1470,1801.0,184.0,284.0
2021-02-01 19:00:00,1630,1448.0,177.0,253.0
2021-02-01 20:00:00,1377,1400.0,198.0,239.0
2021-02-01 21:00:00,1130,1576.0,181.0,287.0
2021-02-01 22:00:00,1229,1247.0,234.0,243.0
2021-02-01 23:00:00,1211,1212.0,208.0,230.0
2021-02-02 00:00:00,1040,1078.0,311.0,265.0
2021-02-02 01:00:00,1106,1002.0,138.0,194.0
2021-02-02 02:00:00,1011,1060.0,155.0,239.0
2021-02-02 03:00:00,1376,1045.0,128.0,236.0
2021-02-02 04:00:00,1025,889.0,153.0,179.0
2021-02-02 05:00:00,689,924.0,166.0,120.0
2021-02-02 06:00:00,641,1087.0,234.0,168.0
2021-02-02 07:00:00,593,926.0,301.0,187.0
2021-02-02 08:00:00,573,1254.0,369.0,198.0
2021-02-02 09:00:00,531,1750.0,430.0,274.0
2021-02-02 10:00:00,399,1195.0,274.0,200.0
2021-02-02 11:00:00,432,1350.0,272.0,208.0
2021-02-02 12:00:00,495,1425.0,217.0,215.0
2021-02-02 13:00:00,723,1512.0,305.0,226.0
2021-02-02 14:00:00,991,1742.0,275.0,271.0
2021-02-02 15:00:00,967,1979.0,342.0,267.0
2021-02-02 16:00:00,1109,1671.0,1207.0,384.0
2021-02-02 17:00:00,992,1570.0,807.0,332.0
2021-02-02 18:00:00,959,1624.0,417.0,294.0
2021-02-02 19:00:00,1098,1549.0,548.0,310.0
2021-02-02 20:00:00,779,1485.0,899.0,341.0
2021-02-02 21:00:00,829,1558.0,494.0,305.0
2021-02-02 22:00:00,783,1213.0,446.0,277.0
2021-02-02 23:00:00,844,1370.0,367.0,260.0
2021-02-03 00:00:00,757,1334.0,285.0,223.0
2021-02-03 01:00:00,847,1207.0,247.0,186.0
2021-02-03 02:00:00,769,1075.0,202.0,175.0
2021-02-03 03:00:00,792,1136.0,268.0,187.0
2021-02-03 04:00:00,601,1087.0,291.0,202.0
2021-02-03 05:00:00,483,950.0,268.0,170.0
2021-02-03 06:00:00,441,1095.0,304.0,269.0
2021-02-03 07:00:00,364,1237.0,279.0,222.0
2021-02-03 08:00:00,378,1481.0,301.0,235.0
2021-02-03 09:00:00,262,1363.0,287.0,225.0
2021-02-03 10:00:00,243,1278.0,235.0,223.0
2021-02-03 11:00:00,333,1331.0,296.0,239.0
2021-02-03 12:00:00,355,1510.0,289.0,260.0
2021-02-03 13:00:00,481,1767.0,327.0,293.0
2021-02-03 14:00:00,493,1817.0,308.0,338.0
2021-02-03 15:00:00,545,1778.0,600.0,313.0
2021-02-03 16:00:00,594,2002.0,845.0,399.0
2021-02-03 17:00:00,753,1939.0,667.0,412.0
2021-02-03 18:00:00,899,1737.0,540.0,370.0
2021-02-03 19:00:00,701,1382.0,421.0,353.0
2021-02-03 20:00:00,2057,1429.0,394.0,347.0
2021-02-03 21:00:00,4557,1647.0,342.0,374.0
2021-02-03 22:00:00,1795,1392.0,274.0,264.0
2021-02-03 23:00:00,1301,1310.0,344.0,283.0
2021-02-04 00:00:00,1342,1614.0,371.0,275.0
2021-02-04 01:00:00,1196,1353.0,419.0,279.0
2021-02-04 02:00:00,1880,1195.0,293.0,225.0
2021-02-04 03:00:00,1556,1142.0,306.0,224.0
2021-02-04 04:00:00,2027,858.0,239.0,186.0
2021-02-04 05:00:00,3050,899.0,224.0,228.0
2021-02-04 06:00:00,1227,1070.0,291.0,205.0
2021-02-04 07:00:00,3460,1235.0,305.0,282.0
2021-02-04 08:00:00,8848,2201.0,315.0,382.0
2021-02-04 09:00:00,3630,1759.0,344.0,380.0
2021-02-04 10:00:00,2807,1349.0,267.0,268.0
2021-02-04 11:00:00,2740,1272.0,341.0,244.0
2021-02-04 12:00:00,2927,1471.0,278.0,288.0
2021-02-04 13:00:00,2830,1468.0,350.0,270.0
2021-02-04 14:00:00,2882,1718.0,315.0,316.0
2021-02-04 15:00:00,2408,1691.0,403.0,334.0
2021-02-04 16:00:00,2056,1667.0,327.0,316.0
2021-02-04 17:00:00,2069,1570.0,305.0,334.0
2021-02-04 18:00:00,2181,1471.0,280.0,281.0
2021-02-04 19:00:00,1610,1476.0,274.0,332.0
2021-02-04 20:00:00,1620,1416.0,297.0,222.0
2021-02-04 21:00:00,1731,1511.0,231.0,260.0
2021-02-04 22:00:00,1850,1386.0,189.0,259.0
2021-02-04 23:00:00,2719,1038.0,150.0,175.0
2021-02-05 00:00:00,2452,1030.0,205.0,201.0
2021-02-05 01:00:00,3349,882.0,173.0,198.0
2021-02-05 02:00:00,4483,808.0,187.0,158.0
2021-02-05 03:00:00,2168,1085.0,228.0,190.0
2021-02-05 04:00:00,1436,836.0,164.0,184.0
2021-02-05 05:00:00,1209,755.0,173.0,174.0
2021-02-05 06:00:00,816,901.0,260.0,184.0
2021-02-05 07:00:00,1205,904.0,243.0,192.0
2021-02-05 08:00:00,1022,1072.0,241.0,216.0
2021-02-05 09:00:00,839,1207.0,262.0,261.0
2021-02-05 10:00:00,660,1041.0,291.0,213.0
2021-02-05 11:00:00,557,1106.0,286.0,249.0
2021-02-05 12:00:00,575,1436.0,318.0,260.0
2021-02-05 13:00:00,650,2054.0,435.0,295.0
2021-02-05 14:00:00,923,2229.0,772.0,438.0
2021-02-05 15:00:00,862,2559.0,613.0,394.0
2021-02-05 16:00:00,762,2415.0,478.0,371.0
2021-02-05 17:00:00,852,2235.0,396.0,405.0
2021-02-05 18:00:00,1012,2448.0,344.0,333.0
2021-02-05 19:00:00,938,2836.0,312.0,301.0
2021-02-05 20:00:00,999,2402.0,318.0,279.0
2021-02-05 21:00:00,895,2201.0,228.0,286.0
2021-02-05 22:00:00,936,1668.0,226.0,262.0
2021-02-05 23:00:00,793,1384.0,198.0,201.0
2021-02-06 00:00:00,602,1542.0,230.0,187.0
2021-02-06 01:00:00,609,1863.0,184.0,204.0
2021-02-06 02:00:00,756,1263.0,231.0,157.0
2021-02-06 03:00:00,844,1278.0,172.0,174.0
2021-02-06 04:00:00,2986,1198.0,184.0,182.0
2021-02-06 05:00:00,3117,1083.0,178.0,224.0
2021-02-06 06:00:00,1759,1199.0,161.0,197.0
2021-02-06 07:00:00,1220,1253.0,147.0,231.0
2021-02-06 08:00:00,965,1607.0,202.0,218.0
2021-02-06 09:00:00,657,1539.0,220.0,222.0
2021-02-06 10:00:00,843,1832.0,191.0,289.0
2021-02-06 11:00:00,605,2518.0,244.0,302.0
2021-02-06 12:00:00,682,1985.0,162.0,288.0
2021-02-06 13:00:00,765,1946.0,253.0,321.0
2021-02-06 14:00:00,915,2091.0,268.0,312.0
2021-02-06 15:00:00,1410,2360.0,275.0,300.0
2021-02-06 16:00:00,1239,2106.0,331.0,281.0
2021-02-06 17:00:00,1346,1920.0,346.0,264.0
2021-02-06 18:00:00,2111,1625.0,370.0,291.0
2021-02-06 19:00:00,2479,1463.0,252.0,256.0
2021-02-06 20:00:00,1604,1369.0,223.0,211.0
2021-02-06 21:00:00,1602,1577.0,175.0,232.0
2021-02-06 22:00:00,2711,1323.0,185.0,207.0
2021-02-06 23:00:00,3209,1270.0,187.0,192.0
2021-02-07 00:00:00,2629,1235.0,154.0,209.0
2021-02-07 01:00:00,5019,1090.0,161.0,120.0
2021-02-07 02:00:00,2695,1004.0,162.0,158.0
2021-02-07 03:00:00,2183,926.0,123.0,124.0
2021-02-07 04:00:00,1850,770.0,144.0,129.0
2021-02-07 05:00:00,1261,719.0,149.0,131.0
2021-02-07 06:00:00,1510,753.0,155.0,160.0
2021-02-07 07:00:00,2007,861.0,152.0,170.0
2021-02-07 08:00:00,1656,1019.0,195.0,233.0
2021-02-07 09:00:00,1135,998.0,166.0,205.0
2021-02-07 10:00:00,1703,957.0,158.0,224.0
2021-02-07 11:00:00,1545,1041.0,188.0,193.0
2021-02-07 12:00:00,1384,1087.0,172.0,244.0
2021-02-07 13:00:00,1640,1196.0,227.0,278.0
2021-02-07 14:00:00,1431,1284.0,280.0,292.0
2021-02-07 15:00:00,2411,1873.0,391.0,311.0
2021-02-07 16:00:00,3956,1453.0,397.0,359.0
2021-02-07 17:00:00,4098,1406.0,311.0,293.0
2021-02-07 18:00:00,7421,1363.0,303.0,297.0
2021-02-07 19:00:00,4138,1404.0,215.0,256.0
2021-02-07 20:00:00,2997,1232.0,192.0,217.0
2021-02-07 21:00:00,3438,1322.0,207.0,189.0
2021-02-07 22:00:00,11036,1173.0,267.0,210.0
2021-02-07 23:00:00,5731,1099.0,280.0,191.0
2021-02-08 00:00:00,5104,1058.0,197.0,134.0
2021-02-08 01:00:00,5123,853.0,136.0,113.0
2021-02-08 02:00:00,3281,837.0,146.0,137.0
2021-02-08 03:00:00,3076,846.0,153.0,169.0
2021-02-08 04:00:00,2027,693.0,169.0,161.0
2021-02-08 05:00:00,1694,720.0,141.0,154.0
2021-02-08 06:00:00,1879,923.0,186.0,194.0
2021-02-08 07:00:00,1860,949.0,196.0,236.0
2021-02-08 08:00:00,2026,1192.0,257.0,284.0
2021-02-08 09:00:00,1707,1263.0,225.0,290.0
2021-02-08 10:00:00,1850,1072.0,217.0,231.0
2021-02-08 11:00:00,1369,1164.0,256.0,278.0
2021-02-08 12:00:00,1428,4724.0,240.0,353.0
2021-02-08 13:00:00,2512,16721.0,328.0,567.0
2021-02-08 14:00:00,3390,10519.0,300.0,513.0
2021-02-08 15:00:00,3745,8094.0,343.0,519.0
2021-02-08 16:00:00,3215,6213.0,435.0,490.0
2021-02-08 17:00:00,2889,5375.0,303.0,432.0
2021-02-08 18:00:00,2613,4595.0,276.0,385.0
2021-02-08 19:00:00,2420,3809.0,237.0,312.0
2021-02-08 20:00:00,1846,3523.0,247.0,373.0
2021-02-08 21:00:00,1768,3699.0,212.0,277.0
2021-02-08 22:00:00,1462,3719.0,223.0,299.0
2021-02-08 23:00:00,1528,5427.0,182.0,399.0
2021-02-09 00:00:00,1851,5128.0,218.0,305.0
2021-02-09 01:00:00,1614,2798.0,164.0,225.0
2021-02-09 02:00:00,1639,2470.0,156.0,242.0
2021-02-09 03:00:00,1641,2370.0,163.0,194.0
2021-02-09 04:00:00,1275,2014.0,147.0,200.0
2021-02-09 05:00:00,1071,2051.0,174.0,219.0
2021-02-09 06:00:00,927,2731.0,179.0,263.0
2021-02-09 07:00:00,837,3330.0,210.0,313.0
2021-02-09 08:00:00,809,2946.0,457.0,326.0
2021-02-09 09:00:00,1255,2931.0,281.0,317.0
2021-02-09 10:00:00,1035,2577.0,261.0,310.0
2021-02-09 11:00:00,824,2323.0,200.0,273.0
2021-02-09 12:00:00,1292,2582.0,233.0,340.0
2021-02-09 13:00:00,1368,2457.0,266.0,339.0
2021-02-09 14:00:00,1470,2518.0,246.0,329.0
2021-02-09 15:00:00,2405,2625.0,280.0,371.0
2021-02-09 16:00:00,2916,2388.0,251.0,373.0
2021-02-09 17:00:00,1915,2418.0,312.0,371.0
2021-02-09 18:00:00,1853,2304.0,246.0,348.0
2021-02-09 19:00:00,2025,2145.0,204.0,409.0
2021-02-09 20:00:00,1549,2001.0,329.0,337.0
2021-02-09 21:00:00,1552,2160.0,241.0,262.0
2021-02-09 22:00:00,1326,1722.0,229.0,248.0
2021-02-09 23:00:00,1374,1770.0,190.0,253.0
2021-02-10 00:00:00,1280,1597.0,186.0,227.0
2021-02-10 01:00:00,971,1327.0,230.0,203.0
2021-02-10 02:00:00,933,1367.0,373.0,181.0
2021-02-10 03:00:00,947,1395.0,294.0,179.0
2021-02-10 04:00:00,912,1123.0,195.0,195.0
2021-02-10 05:00:00,1111,1106.0,207.0,173.0
2021-02-10 06:00:00,1299,1243.0,238.0,299.0
2021-02-10 07:00:00,1239,1548.0,279.0,324.0
2021-02-10 08:00:00,734,1644.0,361.0,360.0
2021-02-10 09:00:00,658,2037.0,256.0,352.0
2021-02-10 10:00:00,575,2881.0,250.0,360.0
2021-02-10 11:00:00,684,3505.0,289.0,364.0
2021-02-10 12:00:00,727,3790.0,326.0,377.0
2021-02-10 13:00:00,883,4035.0,283.0,400.0
2021-02-10 14:00:00,1053,3872.0,276.0,368.0
2021-02-10 15:00:00,4511,3674.0,369.0,440.0
2021-02-10 16:00:00,2238,2556.0,293.0,395.0
2021-02-10 17:00:00,1591,2159.0,326.0,345.0
2021-02-10 18:00:00,1565,2215.0,258.0,314.0
2021-02-10 19:00:00,1687,2011.0,231.0,277.0
2021-02-10 20:00:00,1563,1852.0,218.0,254.0
2021-02-10 21:00:00,1393,2063.0,228.0,281.0
2021-02-10 22:00:00,1131,1745.0,189.0,215.0
2021-02-10 23:00:00,969,1616.0,204.0,213.0
2021-02-11 00:00:00,928,1417.0,171.0,183.0
2021-02-11 01:00:00,939,1278.0,155.0,174.0
2021-02-11 02:00:00,881,1267.0,138.0,204.0
2021-02-11 03:00:00,900,1248.0,178.0,157.0
2021-02-11 04:00:00,765,1038.0,128.0,140.0
2021-02-11 05:00:00,640,1033.0,168.0,171.0
2021-02-11 06:00:00,661,1163.0,199.0,222.0
2021-02-11 07:00:00,593,1240.0,193.0,231.0
2021-02-11 08:00:00,526,1692.0,222.0,268.0
2021-02-11 09:00:00,953,1819.0,215.0,269.0
2021-02-11 10:00:00,636,1714.0,219.0,295.0
2021-02-11 11:00:00,562,1655.0,239.0,345.0
2021-02-11 12:00:00,730,2280.0,257.0,338.0
2021-02-11 13:00:00,885,4034.0,303.0,433.0
2021-02-11 14:00:00,891,3149.0,216.0,360.0
2021-02-11 15:00:00,1072,3062.0,224.0,325.0
2021-02-11 16:00:00,1115,2523.0,253.0,403.0
2021-02-11 17:00:00,1130,2247.0,263.0,358.0
2021-02-11 18:00:00,1320,2239.0,235.0,354.0
2021-02-11 19:00:00,1362,2086.0,206.0,345.0
2021-02-11 20:00:00,1446,2474.0,199.0,340.0
2021-02-11 21:00:00,1055,2125.0,198.0,317.0
2021-02-11 22:00:00,938,1754.0,178.0,264.0
2021-02-11 23:00:00,1164,1662.0,170.0,223.0
2021-02-12 00:00:00,1084,2153.0,176.0,262.0
2021-02-12 01:00:00,1062,1448.0,147.0,213.0
2021-02-12 02:00:00,1245,1262.0,160.0,184.0
2021-02-12 03:00:00,1367,1379.0,143.0,175.0
2021-02-12 04:00:00,1098,1198.0,231.0,173.0
2021-02-12 05:00:00,710,1200.0,147.0,198.0
2021-02-12 06:00:00,564,1264.0,152.0,256.0
2021-02-12 07:00:00,551,1348.0,163.0,314.0
2021-02-12 08:00:00,527,1785.0,249.0,285.0
2021-02-12 09:00:00,435,1535.0,169.0,243.0
2021-02-12 10:00:00,500,1438.0,171.0,254.0
2021-02-12 11:00:00,525,1669.0,186.0,257.0
2021-02-12 12:00:00,551,1872.0,212.0,276.0
2021-02-12 13:00:00,612,1944.0,257.0,345.0
2021-02-12 14:00:00,814,2281.0,322.0,344.0
2021-02-12 15:00:00,814,2158.0,323.0,304.0
2021-02-12 16:00:00,1023,2172.0,356.0,449.0
2021-02-12 17:00:00,883,2150.0,496.0,393.0
2021-02-12 18:00:00,921,1961.0,368.0,356.0
2021-02-12 19:00:00,802,1929.0,254.0,312.0
2021-02-12 20:00:00,1559,1684.0,399.0,345.0
2021-02-12 21:00:00,1367,1986.0,251.0,278.0
2021-02-12 22:00:00,776,1594.0,277.0,245.0
2021-02-12 23:00:00,809,1377.0,234.0,231.0
2021-02-13 00:00:00,691,1282.0,175.0,212.0
2021-02-13 01:00:00,725,1111.0,202.0,193.0
2021-02-13 02:00:00,682,1074.0,214.0,217.0
2021-02-13 03:00:00,693,1328.0,527.0,230.0
2021-02-13 04:00:00,600,970.0,1253.0,223.0
2021-02-13 05:00:00,592,1008.0,771.0,191.0
2021-02-13 06:00:00,441,957.0,645.0,192.0
2021-02-13 07:00:00,434,978.0,477.0,223.0
2021-02-13 08:00:00,354,1371.0,523.0,233.0
2021-02-13 09:00:00,314,1360.0,728.0,223.0
2021-02-13 10:00:00,336,1320.0,505.0,235.0
2021-02-13 11:00:00,379,1471.0,466.0,269.0
2021-02-13 12:00:00,397,1581.0,425.0,270.0
2021-02-13 13:00:00,528,1570.0,410.0,323.0
2021-02-13 14:00:00,824,1717.0,343.0,293.0
2021-02-13 15:00:00,830,2116.0,453.0,310.0
2021-02-13 16:00:00,695,1777.0,487.0,324.0
2021-02-13 17:00:00,806,1692.0,359.0,308.0
2021-02-13 18:00:00,732,1551.0,367.0,303.0
2021-02-13 19:00:00,812,1494.0,259.0,231.0
2021-02-13 20:00:00,819,1404.0,263.0,243.0
2021-02-13 21:00:00,957,1536.0,218.0,242.0
2021-02-13 22:00:00,814,1346.0,209.0,190.0
2021-02-13 23:00:00,654,1226.0,197.0,173.0
2021-02-14 00:00:00,847,1200.0,198.0,192.0
2021-02-14 01:00:00,707,1021.0,213.0,166.0
2021-02-14 02:00:00,686,999.0,275.0,185.0
2021-02-14 03:00:00,563,1030.0,197.0,183.0
2021-02-14 04:00:00,522,807.0,235.0,143.0
2021-02-14 05:00:00,566,1291.0,189.0,153.0
2021-02-14 06:00:00,449,2539.0,246.0,254.0
2021-02-14 07:00:00,384,1314.0,230.0,195.0
2021-02-14 08:00:00,324,1539.0,271.0,224.0
2021-02-14 09:00:00,288,1646.0,241.0,203.0
2021-02-14 10:00:00,287,1993.0,327.0,312.0
2021-02-14 11:00:00,320,1683.0,317.0,235.0
2021-02-14 12:00:00,450,2381.0,334.0,304.0
2021-02-14 13:00:00,638,2159.0,289.0,293.0
2021-02-14 14:00:00,1451,2179.0,337.0,495.0
2021-02-14 15:00:00,1291,2073.0,382.0,483.0
2021-02-14 16:00:00,1200,2446.0,327.0,382.0
2021-02-14 17:00:00,840,2097.0,318.0,336.0
2021-02-14 18:00:00,805,1885.0,289.0,284.0
2021-02-14 19:00:00,761,1691.0,245.0,313.0
2021-02-14 20:00:00,698,1659.0,237.0,238.0
2021-02-14 21:00:00,658,1640.0,285.0,296.0
2021-02-14 22:00:00,680,1683.0,227.0,240.0
2021-02-14 23:00:00,1600,1401.0,177.0,256.0
2021-02-15 00:00:00,1268,1255.0,155.0,273.0
2021-02-15 01:00:00,1106,1077.0,186.0,324.0
2021-02-15 02:00:00,1264,1771.0,239.0,449.0
2021-02-15 03:00:00,999,1286.0,220.0,344.0
2021-02-15 04:00:00,879,1136.0,212.0,272.0
2021-02-15 05:00:00,715,1101.0,221.0,272.0
2021-02-15 06:00:00,732,1240.0,221.0,399.0
2021-02-15 07:00:00,617,1217.0,225.0,305.0
2021-02-15 08:00:00,451,1461.0,234.0,337.0
2021-02-15 09:00:00,448,1478.0,247.0,283.0
2021-02-15 10:00:00,761,1405.0,231.0,326.0
2021-02-15 11:00:00,690,1407.0,254.0,332.0
2021-02-15 12:00:00,645,1617.0,241.0,284.0
2021-02-15 13:00:00,664,1739.0,298.0,328.0
2021-02-15 14:00:00,1107,1843.0,297.0,435.0
2021-02-15 15:00:00,906,1838.0,277.0,422.0
2021-02-15 16:00:00,851,1914.0,280.0,409.0
2021-02-15 17:00:00,796,1815.0,275.0,327.0
2021-02-15 18:00:00,738,1710.0,289.0,340.0
2021-02-15 19:00:00,742,1685.0,273.0,273.0
2021-02-15 20:00:00,612,1614.0,264.0,271.0
2021-02-15 21:00:00,607,1542.0,233.0,259.0
2021-02-15 22:00:00,848,1708.0,212.0,245.0
2021-02-15 23:00:00,775,1382.0,182.0,204.0
2021-02-16 00:00:00,514,1249.0,181.0,162.0
2021-02-16 01:00:00,516,1076.0,151.0,213.0
2021-02-16 02:00:00,476,1078.0,164.0,161.0
2021-02-16 03:00:00,454,1822.0,182.0,167.0
2021-02-16 04:00:00,453,2696.0,159.0,218.0
2021-02-16 05:00:00,457,1486.0,170.0,198.0
2021-02-16 06:00:00,401,1670.0,205.0,201.0
2021-02-16 07:00:00,325,1468.0,175.0,213.0
2021-02-16 08:00:00,412,1543.0,200.0,231.0
2021-02-16 09:00:00,270,1596.0,227.0,212.0
2021-02-16 10:00:00,290,2251.0,341.0,292.0
2021-02-16 11:00:00,389,1617.0,559.0,286.0
2021-02-16 12:00:00,395,7147.0,400.0,365.0
2021-02-16 13:00:00,448,4253.0,350.0,376.0
2021-02-16 14:00:00,540,3193.0,279.0,345.0
2021-02-16 15:00:00,518,3337.0,363.0,332.0
2021-02-16 16:00:00,874,3068.0,314.0,323.0
2021-02-16 17:00:00,678,2827.0,361.0,270.0
2021-02-16 18:00:00,703,2426.0,291.0,232.0
2021-02-16 19:00:00,800,2219.0,293.0,246.0
2021-02-16 20:00:00,1095,1901.0,323.0,215.0
2021-02-16 21:00:00,928,2100.0,204.0,263.0
2021-02-16 22:00:00,632,1699.0,197.0,212.0
2021-02-16 23:00:00,637,1643.0,194.0,187.0
2021-02-17 00:00:00,494,1479.0,175.0,151.0
2021-02-17 01:00:00,505,1374.0,267.0,132.0
2021-02-17 02:00:00,557,2448.0,234.0,143.0
2021-02-17 03:00:00,488,1538.0,218.0,125.0
2021-02-17 04:00:00,511,1377.0,204.0,151.0
2021-02-17 05:00:00,546,1172.0,231.0,134.0
2021-02-17 06:00:00,417,2222.0,220.0,165.0
2021-02-17 07:00:00,364,3007.0,243.0,239.0
2021-02-17 08:00:00,335,2727.0,231.0,223.0
2021-02-17 09:00:00,350,2758.0,294.0,295.0
2021-02-17 10:00:00,351,2382.0,285.0,286.0
2021-02-17 11:00:00,296,2293.0,292.0,287.0
2021-02-17 12:00:00,423,2714.0,308.0,343.0
2021-02-17 13:00:00,445,2856.0,298.0,349.0
2021-02-17 14:00:00,495,2740.0,298.0,306.0
2021-02-17 15:00:00,584,3047.0,285.0,368.0
2021-02-17 16:00:00,661,2469.0,368.0,351.0
2021-02-17 17:00:00,648,2395.0,309.0,322.0
2021-02-17 18:00:00,800,2404.0,301.0,299.0
2021-02-17 19:00:00,710,3581.0,259.0,313.0
2021-02-17 20:00:00,693,3265.0,260.0,298.0
2021-02-17 21:00:00,789,2773.0,261.0,247.0
2021-02-17 22:00:00,703,2027.0,275.0,203.0
2021-02-17 23:00:00,879,1867.0,195.0,163.0
2021-02-18 00:00:00,695,1745.0,250.0,227.0
2021-02-18 01:00:00,869,1495.0,620.0,207.0
2021-02-18 02:00:00,735,1330.0,361.0,222.0
2021-02-18 03:00:00,685,1514.0,243.0,188.0
2021-02-18 04:00:00,540,1311.0,248.0,200.0
2021-02-18 05:00:00,526,1228.0,277.0,180.0
2021-02-18 06:00:00,352,1393.0,251.0,219.0
2021-02-18 07:00:00,292,1554.0,235.0,245.0
2021-02-18 08:00:00,356,1708.0,252.0,277.0
2021-02-18 09:00:00,274,1793.0,289.0,312.0
2021-02-18 10:00:00,259,1433.0,399.0,341.0
2021-02-18 11:00:00,250,1640.0,309.0,354.0
2021-02-18 12:00:00,558,1958.0,265.0,278.0
2021-02-18 13:00:00,1018,2005.0,335.0,346.0
2021-02-18 14:00:00,811,2102.0,335.0,396.0
2021-02-18 15:00:00,694,2127.0,413.0,374.0
2021-02-18 16:00:00,568,2000.0,440.0,364.0
2021-02-18 17:00:00,1987,1881.0,316.0,262.0
2021-02-18 18:00:00,1181,1709.0,390.0,351.0
2021-02-18 19:00:00,779,1720.0,324.0,337.0
2021-02-18 20:00:00,860,1581.0,305.0,293.0
2021-02-18 21:00:00,726,1786.0,332.0,261.0
2021-02-18 22:00:00,895,1544.0,254.0,243.0
2021-02-18 23:00:00,728,1378.0,226.0,210.0
2021-02-19 00:00:00,559,1429.0,235.0,211.0
2021-02-19 01:00:00,451,1196.0,222.0,168.0
2021-02-19 02:00:00,451,1242.0,235.0,189.0
2021-02-19 03:00:00,684,1358.0,228.0,173.0
2021-02-19 04:00:00,416,1149.0,206.0,173.0
2021-02-19 05:00:00,334,1059.0,244.0,201.0
2021-02-19 06:00:00,305,1193.0,229.0,198.0
2021-02-19 07:00:00,288,1253.0,241.0,200.0
2021-02-19 08:00:00,271,1626.0,264.0,280.0
2021-02-19 09:00:00,237,2188.0,246.0,259.0
2021-02-19 10:00:00,200,1661.0,254.0,263.0
2021-02-19 11:00:00,289,1651.0,236.0,281.0
2021-02-19 12:00:00,258,1782.0,268.0,287.0
2021-02-19 13:00:00,340,1907.0,405.0,321.0
2021-02-19 14:00:00,421,2769.0,395.0,326.0
2021-02-19 15:00:00,451,4979.0,429.0,401.0
2021-02-19 16:00:00,445,6240.0,443.0,451.0
2021-02-19 17:00:00,533,3998.0,430.0,401.0
2021-02-19 18:00:00,561,4063.0,441.0,393.0
2021-02-19 19:00:00,517,4376.0,321.0,366.0
2021-02-19 20:00:00,1019,3747.0,296.0,326.0
2021-02-19 21:00:00,1379,5010.0,273.0,365.0
2021-02-19 22:00:00,664,2714.0,228.0,275.0
2021-02-19 23:00:00,512,2505.0,243.0,239.0
2021-02-20 00:00:00,525,2211.0,195.0,194.0
2021-02-20 01:00:00,547,2160.0,205.0,176.0
2021-02-20 02:00:00,751,1720.0,276.0,182.0
2021-02-20 03:00:00,437,1640.0,969.0,288.0
2021-02-20 04:00:00,490,1304.0,828.0,306.0
2021-02-20 05:00:00,473,1552.0,354.0,204.0
2021-02-20 06:00:00,574,1676.0,356.0,258.0
2021-02-20 07:00:00,654,1614.0,390.0,286.0
2021-02-20 08:00:00,559,2052.0,383.0,304.0
2021-02-20 09:00:00,591,1903.0,374.0,333.0
2021-02-20 10:00:00,390,1783.0,342.0,332.0
2021-02-20 11:00:00,417,1855.0,337.0,374.0
2021-02-20 12:00:00,439,3632.0,398.0,382.0
2021-02-20 13:00:00,528,3040.0,383.0,390.0
2021-02-20 14:00:00,491,2723.0,395.0,359.0
2021-02-20 15:00:00,534,2600.0,350.0,310.0
2021-02-20 16:00:00,548,2322.0,329.0,307.0
2021-02-20 17:00:00,526,2422.0,347.0,310.0
2021-02-20 18:00:00,565,2202.0,314.0,262.0
2021-02-20 19:00:00,561,2090.0,268.0,255.0
2021-02-20 20:00:00,868,1936.0,248.0,240.0
2021-02-20 21:00:00,1123,2038.0,263.0,241.0
2021-02-20 22:00:00,733,2083.0,275.0,270.0
2021-02-20 23:00:00,696,1914.0,247.0,248.0
2021-02-21 00:00:00,487,1533.0,171.0,176.0
2021-02-21 01:00:00,488,1296.0,170.0,154.0
2021-02-21 02:00:00,451,1215.0,217.0,154.0
2021-02-21 03:00:00,408,1200.0,229.0,140.0
2021-02-21 04:00:00,364,1251.0,198.0,153.0
2021-02-21 05:00:00,443,1128.0,220.0,151.0
2021-02-21 06:00:00,318,1096.0,225.0,164.0
2021-02-21 07:00:00,260,1180.0,143.0,183.0
2021-02-21 08:00:00,253,1393.0,225.0,238.0
2021-02-21 09:00:00,253,1541.0,175.0,216.0
2021-02-21 10:00:00,282,1856.0,267.0,310.0
2021-02-21 11:00:00,232,1685.0,257.0,271.0
2021-02-21 12:00:00,288,1715.0,209.0,249.0
2021-02-21 13:00:00,430,1875.0,216.0,263.0
2021-02-21 14:00:00,560,1934.0,220.0,341.0
2021-02-21 15:00:00,556,2075.0,232.0,315.0
2021-02-21 16:00:00,498,2204.0,269.0,265.0
2021-02-21 17:00:00,683,2145.0,303.0,263.0
2021-02-21 18:00:00,579,2727.0,211.0,299.0
2021-02-21 19:00:00,595,3309.0,246.0,295.0
2021-02-21 20:00:00,503,2660.0,243.0,305.0
2021-02-21 21:00:00,1685,2304.0,250.0,259.0
2021-02-21 22:00:00,1344,1961.0,229.0,223.0
2021-02-21 23:00:00,659,1555.0,193.0,188.0
2021-02-22 00:00:00,475,1527.0,200.0,174.0
2021-02-22 01:00:00,475,1324.0,175.0,147.0
2021-02-22 02:00:00,440,1256.0,190.0,130.0
2021-02-22 03:00:00,546,1240.0,151.0,138.0
2021-02-22 04:00:00,427,1221.0,228.0,158.0
2021-02-22 05:00:00,535,1174.0,172.0,159.0
2021-02-22 06:00:00,315,1906.0,220.0,210.0
2021-02-22 07:00:00,494,2011.0,231.0,231.0
2021-02-22 08:00:00,425,1619.0,211.0,268.0
2021-02-22 09:00:00,445,1721.0,198.0,254.0
2021-02-22 10:00:00,350,2028.0,284.0,346.0
2021-02-22 11:00:00,319,1764.0,317.0,366.0
2021-02-22 12:00:00,290,2804.0,327.0,377.0
2021-02-22 13:00:00,378,2907.0,330.0,340.0
2021-02-22 14:00:00,630,5918.0,534.0,685.0
2021-02-22 15:00:00,507,4128.0,486.0,484.0
2021-02-22 16:00:00,589,3079.0,348.0,425.0
2021-02-22 17:00:00,545,2791.0,327.0,366.0
2021-02-22 18:00:00,595,2763.0,313.0,371.0
2021-02-22 19:00:00,426,2451.0,289.0,319.0
2021-02-22 20:00:00,461,2297.0,254.0,308.0
2021-02-22 21:00:00,485,2351.0,241.0,305.0
2021-02-22 22:00:00,457,1829.0,188.0,277.0
2021-02-22 23:00:00,372,1484.0,189.0,160.0
2021-02-23 00:00:00,340,1490.0,201.0,199.0
2021-02-23 01:00:00,314,1319.0,153.0,147.0
2021-02-23 02:00:00,330,1342.0,166.0,135.0
2021-02-23 03:00:00,286,1446.0,188.0,179.0
2021-02-23 04:00:00,282,1278.0,200.0,177.0
2021-02-23 05:00:00,328,1936.0,225.0,274.0
2021-02-23 06:00:00,257,1727.0,219.0,302.0
2021-02-23 07:00:00,219,1827.0,221.0,232.0
2021-02-23 08:00:00,359,3232.0,273.0,435.0
2021-02-23 09:00:00,379,4793.0,447.0,569.0
2021-02-23 10:00:00,308,3252.0,413.0,501.0
2021-02-23 11:00:00,414,3641.0,375.0,537.0
2021-02-23 12:00:00,446,4203.0,407.0,539.0
2021-02-23 13:00:00,421,3872.0,358.0,504.0
2021-02-23 14:00:00,399,3347.0,310.0,419.0
2021-02-23 15:00:00,416,3222.0,317.0,435.0
2021-02-23 16:00:00,368,2696.0,333.0,401.0
2021-02-23 17:00:00,460,2639.0,323.0,379.0
2021-02-23 18:00:00,341,2507.0,297.0,370.0
2021-02-23 19:00:00,411,2554.0,254.0,343.0
2021-02-23 20:00:00,505,2423.0,229.0,339.0
2021-02-23 21:00:00,452,3163.0,219.0,313.0
2021-02-23 22:00:00,374,2564.0,186.0,314.0
2021-02-23 23:00:00,312,2520.0,201.0,281.0
2021-02-24 00:00:00,348,1987.0,169.0,227.0
2021-02-24 01:00:00,500,2064.0,165.0,225.0
2021-02-24 02:00:00,475,2035.0,186.0,237.0
2021-02-24 03:00:00,473,1803.0,185.0,194.0
2021-02-24 04:00:00,495,1685.0,167.0,234.0
2021-02-24 05:00:00,243,1488.0,162.0,214.0
2021-02-24 06:00:00,809,1584.0,173.0,206.0
2021-02-24 07:00:00,404,2114.0,180.0,245.0
2021-02-24 08:00:00,336,1965.0,213.0,304.0
2021-02-24 09:00:00,249,1958.0,303.0,349.0
2021-02-24 10:00:00,201,1796.0,291.0,263.0
2021-02-24 11:00:00,286,1878.0,242.0,325.0
2021-02-24 12:00:00,317,2403.0,317.0,356.0
2021-02-24 13:00:00,2004,3123.0,364.0,383.0
2021-02-24 14:00:00,1234,2445.0,281.0,362.0
2021-02-24 15:00:00,741,2295.0,239.0,313.0
2021-02-24 16:00:00,751,2074.0,256.0,306.0
2021-02-24 17:00:00,695,2157.0,264.0,285.0
2021-02-24 18:00:00,637,2179.0,249.0,272.0
2021-02-24 19:00:00,600,2536.0,221.0,247.0
2021-02-24 20:00:00,551,2199.0,205.0,267.0
2021-02-24 21:00:00,595,2043.0,197.0,252.0
2021-02-24 22:00:00,573,1854.0,175.0,204.0
2021-02-24 23:00:00,506,1724.0,156.0,172.0
2021-02-25 00:00:00,564,1682.0,168.0,223.0
2021-02-25 01:00:00,579,1397.0,151.0,163.0
2021-02-25 02:00:00,412,1355.0,198.0,154.0
2021-02-25 03:00:00,357,1564.0,199.0,147.0
2021-02-25 04:00:00,369,1286.0,175.0,151.0
2021-02-25 05:00:00,500,1266.0,149.0,176.0
2021-02-25 06:00:00,471,1340.0,136.0,167.0
2021-02-25 07:00:00,323,1600.0,191.0,161.0
2021-02-25 08:00:00,243,1659.0,219.0,217.0
2021-02-25 09:00:00,246,1701.0,250.0,224.0
2021-02-25 10:00:00,235,1688.0,257.0,226.0
2021-02-25 11:00:00,311,2512.0,238.0,228.0
2021-02-25 12:00:00,244,2683.0,242.0,268.0
2021-02-25 13:00:00,375,2729.0,258.0,299.0
2021-02-25 14:00:00,540,2217.0,272.0,507.0
2021-02-25 15:00:00,432,2296.0,290.0,303.0
2021-02-25 16:00:00,434,2161.0,261.0,291.0
2021-02-25 17:00:00,545,2245.0,234.0,315.0
2021-02-25 18:00:00,642,2076.0,251.0,287.0
2021-02-25 19:00:00,471,2000.0,261.0,266.0
2021-02-25 20:00:00,450,1886.0,209.0,247.0
2021-02-25 21:00:00,509,1981.0,214.0,235.0
2021-02-25 22:00:00,519,1956.0,249.0,252.0
2021-02-25 23:00:00,382,1677.0,208.0,234.0
2021-02-26 00:00:00,473,2050.0,199.0,202.0
2021-02-26 01:00:00,383,1699.0,148.0,184.0
2021-02-26 02:00:00,370,1469.0,157.0,165.0
2021-02-26 03:00:00,400,1235.0,170.0,167.0
2021-02-26 04:00:00,323,1114.0,141.0,159.0
2021-02-26 05:00:00,287,1302.0,189.0,177.0
2021-02-26 06:00:00,265,1530.0,150.0,233.0
2021-02-26 07:00:00,297,1982.0,176.0,243.0
2021-02-26 08:00:00,224,2218.0,245.0,345.0
2021-02-26 09:00:00,258,1735.0,209.0,296.0
2021-02-26 10:00:00,271,1563.0,251.0,265.0
2021-02-26 11:00:00,292,1591.0,219.0,238.0
2021-02-26 12:00:00,310,1858.0,181.0,286.0
2021-02-26 13:00:00,336,2050.0,209.0,327.0
2021-02-26 14:00:00,359,2106.0,298.0,279.0
2021-02-26 15:00:00,368,2092.0,314.0,280.0
2021-02-26 16:00:00,447,2026.0,294.0,264.0
2021-02-26 17:00:00,381,1881.0,336.0,296.0
2021-02-26 18:00:00,342,1591.0,262.0,253.0
2021-02-26 19:00:00,369,1486.0,256.0,246.0
2021-02-26 20:00:00,351,1608.0,233.0,251.0
2021-02-26 21:00:00,370,1555.0,257.0,228.0
2021-02-26 22:00:00,304,1582.0,217.0,191.0
2021-02-26 23:00:00,288,1228.0,173.0,159.0
2021-02-27 00:00:00,344,1157.0,188.0,204.0
2021-02-27 01:00:00,349,1140.0,180.0,206.0
2021-02-27 02:00:00,315,1050.0,189.0,155.0
2021-02-27 03:00:00,273,1009.0,142.0,135.0
2021-02-27 04:00:00,277,1006.0,137.0,167.0
2021-02-27 05:00:00,263,994.0,164.0,157.0
2021-02-27 06:00:00,222,1026.0,167.0,205.0
2021-02-27 07:00:00,212,1238.0,166.0,221.0
2021-02-27 08:00:00,203,1376.0,242.0,254.0
2021-02-27 09:00:00,201,1339.0,234.0,230.0
2021-02-27 10:00:00,265,1335.0,276.0,301.0
2021-02-27 11:00:00,240,1491.0,276.0,271.0
2021-02-27 12:00:00,282,1456.0,234.0,271.0
2021-02-27 13:00:00,267,1530.0,260.0,298.0
2021-02-27 14:00:00,317,1591.0,242.0,268.0
2021-02-27 15:00:00,286,1695.0,264.0,255.0
2021-02-27 16:00:00,323,1627.0,256.0,302.0
2021-02-27 17:00:00,656,1527.0,312.0,284.0
2021-02-27 18:00:00,563,1594.0,302.0,285.0
2021-02-27 19:00:00,447,1453.0,269.0,259.0
2021-02-27 20:00:00,381,1473.0,242.0,232.0
2021-02-27 21:00:00,404,1455.0,209.0,240.0
2021-02-27 22:00:00,395,1330.0,204.0,173.0
2021-02-27 23:00:00,405,1590.0,181.0,206.0
2021-02-28 00:00:00,376,1230.0,170.0,187.0
2021-02-28 01:00:00,319,1084.0,148.0,143.0
2021-02-28 02:00:00,286,947.0,186.0,146.0
2021-02-28 03:00:00,347,1077.0,200.0,175.0
2021-02-28 04:00:00,409,1234.0,149.0,187.0
2021-02-28 05:00:00,321,1181.0,174.0,186.0
2021-02-28 06:00:00,302,1364.0,210.0,240.0
2021-02-28 07:00:00,276,1392.0,216.0,208.0
2021-02-28 08:00:00,277,1646.0,230.0,276.0
2021-02-28 09:00:00,305,1553.0,255.0,242.0
2021-02-28 10:00:00,271,1499.0,248.0,264.0
2021-02-28 11:00:00,195,1578.0,257.0,242.0
2021-02-28 12:00:00,283,1533.0,250.0,276.0
2021-02-28 13:00:00,309,1672.0,250.0,287.0
2021-02-28 14:00:00,414,2108.0,257.0,291.0
2021-02-28 15:00:00,363,2299.0,282.0,349.0
2021-02-28 16:00:00,431,2305.0,303.0,381.0
2021-02-28 17:00:00,445,2230.0,279.0,299.0
2021-02-28 18:00:00,426,2107.0,247.0,292.0
2021-02-28 19:00:00,389,1953.0,282.0,205.0
2021-02-28 20:00:00,383,1770.0,269.0,304.0
2021-02-28 21:00:00,378,1820.0,257.0,246.0
2021-02-28 22:00:00,351,1434.0,217.0,200.0
2021-02-28 23:00:00,335,1488.0,240.0,225.0
2021-03-01 00:00:00,299,1563.0,226.0,176.0
2021-03-01 01:00:00,300,1240.0,175.0,154.0
2021-03-01 02:00:00,303,1045.0,201.0,150.0
2021-03-01 03:00:00,283,996.0,180.0,157.0
2021-03-01 04:00:00,251,1048.0,141.0,167.0
2021-03-01 05:00:00,264,1051.0,197.0,154.0
2021-03-01 06:00:00,286,1107.0,157.0,189.0
2021-03-01 07:00:00,188,1193.0,167.0,162.0
2021-03-01 08:00:00,244,1615.0,231.0,292.0
2021-03-01 09:00:00,181,1798.0,268.0,309.0
2021-03-01 10:00:00,163,1758.0,255.0,321.0
2021-03-01 11:00:00,289,1976.0,260.0,408.0
2021-03-01 12:00:00,240,2179.0,254.0,356.0
2021-03-01 13:00:00,351,2819.0,235.0,330.0
2021-03-01 14:00:00,394,2528.0,261.0,350.0
2021-03-01 15:00:00,432,2662.0,282.0,364.0
2021-03-01 16:00:00,438,2368.0,264.0,417.0
2021-03-01 17:00:00,415,2322.0,278.0,370.0
2021-03-01 18:00:00,425,2114.0,242.0,373.0
2021-03-01 19:00:00,755,2043.0,217.0,295.0
2021-03-01 20:00:00,1007,1647.0,231.0,244.0
2021-03-01 21:00:00,526,1692.0,248.0,235.0
2021-03-01 22:00:00,527,1582.0,221.0,219.0
2021-03-01 23:00:00,360,1530.0,214.0,208.0
2021-03-02 00:00:00,475,2032.0,200.0,234.0
2021-03-02 01:00:00,483,1378.0,179.0,220.0
2021-03-02 02:00:00,448,1283.0,174.0,214.0
2021-03-02 03:00:00,283,1168.0,196.0,271.0
2021-03-02 04:00:00,279,1011.0,216.0,232.0
2021-03-02 05:00:00,276,1099.0,151.0,242.0
2021-03-02 06:00:00,218,1208.0,155.0,278.0
2021-03-02 07:00:00,188,1363.0,173.0,252.0
2021-03-02 08:00:00,265,1432.0,206.0,282.0
2021-03-02 09:00:00,217,2010.0,222.0,385.0
2021-03-02 10:00:00,231,1725.0,238.0,357.0
2021-03-02 11:00:00,497,2025.0,210.0,357.0
2021-03-02 12:00:00,303,1971.0,260.0,317.0
2021-03-02 13:00:00,370,2034.0,297.0,288.0
2021-03-02 14:00:00,378,2234.0,324.0,308.0
2021-03-02 15:00:00,374,2055.0,285.0,314.0
2021-03-02 16:00:00,419,2356.0,264.0,294.0
2021-03-02 17:00:00,432,2106.0,301.0,240.0
2021-03-02 18:00:00,433,1888.0,252.0,239.0
2021-03-02 19:00:00,463,1736.0,251.0,228.0
2021-03-02 20:00:00,502,1625.0,389.0,225.0
2021-03-02 21:00:00,414,1502.0,299.0,175.0
2021-03-02 22:00:00,413,1383.0,266.0,230.0
2021-03-02 23:00:00,332,1470.0,217.0,170.0
2021-03-03 00:00:00,203,1305.0,194.0,139.0
2021-03-03 01:00:00,308,1171.0,196.0,151.0
2021-03-03 02:00:00,302,1191.0,206.0,139.0
2021-03-03 03:00:00,263,1073.0,221.0,169.0
2021-03-03 04:00:00,235,1057.0,207.0,183.0
2021-03-03 05:00:00,207,1026.0,177.0,187.0
2021-03-03 06:00:00,222,1220.0,232.0,174.0
2021-03-03 07:00:00,206,1447.0,232.0,215.0
2021-03-03 08:00:00,217,2058.0,246.0,302.0
2021-03-03 09:00:00,182,2027.0,245.0,286.0
2021-03-03 10:00:00,213,1837.0,238.0,349.0
2021-03-03 11:00:00,274,1853.0,238.0,304.0
2021-03-03 12:00:00,396,2246.0,277.0,336.0
2021-03-03 13:00:00,297,2435.0,267.0,306.0
2021-03-03 14:00:00,327,2084.0,262.0,294.0
2021-03-03 15:00:00,313,1961.0,259.0,343.0
2021-03-03 16:00:00,345,1899.0,260.0,326.0
2021-03-03 17:00:00,317,1789.0,242.0,363.0
2021-03-03 18:00:00,350,1841.0,256.0,311.0
2021-03-03 19:00:00,312,1722.0,254.0,246.0
2021-03-03 20:00:00,356,1501.0,249.0,213.0
2021-03-03 21:00:00,251,1433.0,213.0,244.0
2021-03-03 22:00:00,246,1325.0,183.0,216.0
2021-03-03 23:00:00,281,1191.0,183.0,180.0
2021-03-04 00:00:00,253,1240.0,191.0,146.0
2021-03-04 01:00:00,257,1128.0,172.0,138.0
2021-03-04 02:00:00,243,1085.0,145.0,145.0
2021-03-04 03:00:00,226,1029.0,189.0,219.0
2021-03-04 04:00:00,276,991.0,153.0,183.0
2021-03-04 05:00:00,205,939.0,157.0,206.0
2021-03-04 06:00:00,349,1108.0,151.0,202.0
2021-03-04 07:00:00,166,1132.0,168.0,213.0
2021-03-04 08:00:00,186,1407.0,208.0,231.0
2021-03-04 09:00:00,181,1608.0,186.0,238.0
2021-03-04 10:00:00,137,1374.0,194.0,208.0
2021-03-04 11:00:00,164,1398.0,253.0,257.0
2021-03-04 12:00:00,213,1601.0,202.0,228.0
2021-03-04 13:00:00,246,1847.0,323.0,260.0
2021-03-04 14:00:00,278,1737.0,243.0,557.0
2021-03-04 15:00:00,265,1707.0,263.0,1280.0
2021-03-04 16:00:00,428,1588.0,275.0,439.0
2021-03-04 17:00:00,541,1720.0,249.0,296.0
2021-03-04 18:00:00,503,2032.0,230.0,254.0
2021-03-04 19:00:00,425,1886.0,225.0,230.0
2021-03-04 20:00:00,368,1510.0,198.0,198.0
2021-03-04 21:00:00,357,1498.0,201.0,156.0
2021-03-04 22:00:00,392,1460.0,172.0,172.0
2021-03-04 23:00:00,411,1344.0,161.0,150.0
2021-03-05 00:00:00,302,1532.0,146.0,163.0
2021-03-05 01:00:00,302,1348.0,161.0,161.0
2021-03-05 02:00:00,233,1252.0,167.0,195.0
2021-03-05 03:00:00,227,1195.0,119.0,156.0
2021-03-05 04:00:00,219,993.0,125.0,140.0
2021-03-05 05:00:00,225,1001.0,144.0,177.0
2021-03-05 06:00:00,187,1178.0,204.0,198.0
2021-03-05 07:00:00,170,1175.0,182.0,198.0
2021-03-05 08:00:00,169,1433.0,234.0,296.0
2021-03-05 09:00:00,126,1376.0,202.0,264.0
2021-03-05 10:00:00,204,1356.0,183.0,296.0
2021-03-05 11:00:00,170,1459.0,195.0,294.0
2021-03-05 12:00:00,233,1619.0,191.0,293.0
2021-03-05 13:00:00,284,2198.0,236.0,300.0
2021-03-05 14:00:00,317,1938.0,275.0,299.0
2021-03-05 15:00:00,298,1786.0,350.0,309.0
2021-03-05 16:00:00,357,1891.0,385.0,358.0
2021-03-05 17:00:00,361,1731.0,299.0,289.0
2021-03-05 18:00:00,323,1786.0,279.0,247.0
2021-03-05 19:00:00,391,1630.0,272.0,261.0
2021-03-05 20:00:00,369,1439.0,244.0,253.0
2021-03-05 21:00:00,336,1393.0,258.0,199.0
2021-03-05 22:00:00,419,1265.0,262.0,194.0
2021-03-05 23:00:00,362,1262.0,207.0,193.0
2021-03-06 00:00:00,285,1148.0,236.0,146.0
2021-03-06 01:00:00,276,969.0,204.0,146.0
2021-03-06 02:00:00,287,927.0,211.0,154.0
2021-03-06 03:00:00,256,906.0,152.0,129.0
2021-03-06 04:00:00,549,923.0,181.0,177.0
2021-03-06 05:00:00,669,898.0,206.0,167.0
2021-03-06 06:00:00,375,995.0,180.0,194.0
2021-03-06 07:00:00,285,1030.0,206.0,253.0
2021-03-06 08:00:00,294,1237.0,233.0,276.0
2021-03-06 09:00:00,286,1366.0,220.0,290.0
2021-03-06 10:00:00,224,1267.0,242.0,249.0
2021-03-06 11:00:00,287,1411.0,255.0,293.0
2021-03-06 12:00:00,400,1469.0,289.0,372.0
2021-03-06 13:00:00,385,1554.0,241.0,352.0
2021-03-06 14:00:00,354,1522.0,243.0,370.0
2021-03-06 15:00:00,399,1433.0,275.0,365.0
2021-03-06 16:00:00,452,1537.0,311.0,334.0
2021-03-06 17:00:00,574,1849.0,353.0,364.0
2021-03-06 18:00:00,666,1969.0,416.0,391.0
2021-03-06 19:00:00,776,1608.0,334.0,286.0
2021-03-06 20:00:00,616,1406.0,382.0,299.0
2021-03-06 21:00:00,661,1275.0,427.0,244.0
2021-03-06 22:00:00,524,1206.0,307.0,240.0
2021-03-06 23:00:00,526,1178.0,265.0,296.0
2021-03-07 00:00:00,416,1129.0,291.0,202.0
2021-03-07 01:00:00,377,1062.0,266.0,188.0
2021-03-07 02:00:00,379,1055.0,215.0,183.0
2021-03-07 03:00:00,367,939.0,245.0,181.0
2021-03-07 04:00:00,324,822.0,213.0,180.0
2021-03-07 05:00:00,280,810.0,221.0,253.0
2021-03-07 06:00:00,293,1094.0,235.0,312.0
2021-03-07 07:00:00,220,1017.0,266.0,245.0
2021-03-07 08:00:00,250,1553.0,249.0,307.0
2021-03-07 09:00:00,194,1377.0,226.0,317.0
2021-03-07 10:00:00,236,1404.0,245.0,329.0
2021-03-07 11:00:00,200,1444.0,275.0,303.0
2021-03-07 12:00:00,257,1512.0,251.0,366.0
2021-03-07 13:00:00,308,1689.0,318.0,392.0
2021-03-07 14:00:00,340,1820.0,299.0,384.0
2021-03-07 15:00:00,466,1765.0,266.0,353.0
2021-03-07 16:00:00,417,1648.0,289.0,312.0
2021-03-07 17:00:00,424,1487.0,320.0,352.0
2021-03-07 18:00:00,419,1507.0,370.0,319.0
2021-03-07 19:00:00,404,1447.0,254.0,323.0
2021-03-07 20:00:00,372,1398.0,235.0,253.0
2021-03-07 21:00:00,471,1396.0,254.0,270.0
2021-03-07 22:00:00,427,1478.0,384.0,259.0
2021-03-07 23:00:00,416,1332.0,340.0,257.0
2021-03-08 00:00:00,461,1343.0,274.0,249.0
2021-03-08 01:00:00,869,1051.0,202.0,294.0
2021-03-08 02:00:00,738,1036.0,241.0,218.0
2021-03-08 03:00:00,1607,976.0,242.0,194.0
2021-03-08 04:00:00,713,921.0,200.0,220.0
2021-03-08 05:00:00,797,910.0,237.0,219.0
2021-03-08 06:00:00,1211,1026.0,258.0,259.0
2021-03-08 07:00:00,447,1141.0,212.0,273.0
2021-03-08 08:00:00,415,1335.0,296.0,368.0
2021-03-08 09:00:00,388,1401.0,245.0,335.0
2021-03-08 10:00:00,353,1480.0,243.0,327.0
2021-03-08 11:00:00,395,1653.0,311.0,337.0
2021-03-08 12:00:00,428,1853.0,317.0,316.0
2021-03-08 13:00:00,568,3947.0,359.0,450.0
2021-03-08 14:00:00,677,4297.0,371.0,452.0
2021-03-08 15:00:00,710,2634.0,346.0,451.0
2021-03-08 16:00:00,598,2041.0,412.0,448.0
2021-03-08 17:00:00,518,1901.0,377.0,392.0
2021-03-08 18:00:00,538,1839.0,400.0,345.0
2021-03-08 19:00:00,560,1728.0,351.0,379.0
2021-03-08 20:00:00,631,1921.0,339.0,351.0
2021-03-08 21:00:00,875,1722.0,316.0,287.0
2021-03-08 22:00:00,918,1607.0,337.0,314.0
2021-03-08 23:00:00,1295,1492.0,413.0,330.0
2021-03-09 00:00:00,1028,1753.0,290.0,285.0
2021-03-09 01:00:00,715,1901.0,269.0,306.0
2021-03-09 02:00:00,562,1681.0,270.0,239.0
2021-03-09 03:00:00,704,1534.0,228.0,296.0
2021-03-09 04:00:00,512,1306.0,220.0,246.0
2021-03-09 05:00:00,523,1502.0,239.0,305.0
2021-03-09 06:00:00,397,1556.0,229.0,316.0
2021-03-09 07:00:00,303,1507.0,239.0,296.0
2021-03-09 08:00:00,345,1709.0,226.0,352.0
2021-03-09 09:00:00,408,1699.0,228.0,419.0
2021-03-09 10:00:00,303,1759.0,284.0,396.0
2021-03-09 11:00:00,307,1663.0,332.0,396.0
2021-03-09 12:00:00,372,1966.0,301.0,426.0
2021-03-09 13:00:00,408,2148.0,349.0,429.0
2021-03-09 14:00:00,382,2098.0,396.0,434.0
2021-03-09 15:00:00,410,2104.0,380.0,485.0
2021-03-09 16:00:00,450,2031.0,331.0,419.0
2021-03-09 17:00:00,374,1963.0,311.0,387.0
2021-03-09 18:00:00,397,1752.0,274.0,381.0
2021-03-09 19:00:00,440,1534.0,274.0,311.0
2021-03-09 20:00:00,410,1679.0,249.0,315.0
2021-03-09 21:00:00,414,1558.0,272.0,314.0
2021-03-09 22:00:00,387,1466.0,246.0,286.0
2021-03-09 23:00:00,368,1437.0,278.0,306.0
2021-03-10 00:00:00,385,2002.0,227.0,271.0
2021-03-10 01:00:00,546,1534.0,197.0,332.0
2021-03-10 02:00:00,374,1461.0,242.0,218.0
2021-03-10 03:00:00,301,1158.0,196.0,229.0
2021-03-10 04:00:00,251,1087.0,187.0,190.0
2021-03-10 05:00:00,286,1176.0,193.0,230.0
2021-03-10 06:00:00,259,1284.0,181.0,287.0
2021-03-10 07:00:00,236,1251.0,202.0,285.0
2021-03-10 08:00:00,219,1459.0,204.0,312.0
2021-03-10 09:00:00,147,1436.0,228.0,326.0
2021-03-10 10:00:00,165,1542.0,253.0,330.0
2021-03-10 11:00:00,211,1634.0,247.0,354.0
2021-03-10 12:00:00,243,1933.0,312.0,391.0
2021-03-10 13:00:00,313,2578.0,313.0,421.0
2021-03-10 14:00:00,331,2444.0,312.0,410.0
2021-03-10 15:00:00,387,2072.0,336.0,466.0
2021-03-10 16:00:00,357,2513.0,289.0,367.0
2021-03-10 17:00:00,401,3100.0,310.0,367.0
2021-03-10 18:00:00,363,2372.0,378.0,398.0
2021-03-10 19:00:00,401,2494.0,315.0,386.0
2021-03-10 20:00:00,396,2010.0,335.0,342.0
2021-03-10 21:00:00,366,1920.0,292.0,297.0
2021-03-10 22:00:00,327,1741.0,265.0,220.0
2021-03-10 23:00:00,363,1476.0,243.0,261.0
2021-03-11 00:00:00,283,1467.0,279.0,224.0
2021-03-11 01:00:00,314,1321.0,371.0,208.0
2021-03-11 02:00:00,361,1256.0,260.0,185.0
2021-03-11 03:00:00,306,1150.0,247.0,181.0
2021-03-11 04:00:00,309,1110.0,233.0,195.0
2021-03-11 05:00:00,268,1208.0,266.0,210.0
2021-03-11 06:00:00,234,1331.0,240.0,235.0
2021-03-11 07:00:00,170,1345.0,256.0,234.0
2021-03-11 08:00:00,206,1756.0,396.0,317.0
2021-03-11 09:00:00,171,1566.0,354.0,325.0
2021-03-11 10:00:00,206,1629.0,306.0,285.0
2021-03-11 11:00:00,204,2212.0,358.0,363.0
2021-03-11 12:00:00,268,2735.0,356.0,312.0
2021-03-11 13:00:00,329,2810.0,341.0,420.0
2021-03-11 14:00:00,486,3430.0,344.0,450.0
2021-03-11 15:00:00,376,2686.0,386.0,392.0
2021-03-11 16:00:00,424,2669.0,357.0,433.0
2021-03-11 17:00:00,417,2602.0,402.0,350.0
2021-03-11 18:00:00,399,2398.0,447.0,314.0
2021-03-11 19:00:00,437,2234.0,295.0,317.0
2021-03-11 20:00:00,460,2056.0,313.0,280.0
2021-03-11 21:00:00,459,2598.0,291.0,290.0
2021-03-11 22:00:00,366,2273.0,303.0,259.0
2021-03-11 23:00:00,357,2224.0,217.0,218.0
2021-03-12 00:00:00,361,1731.0,257.0,242.0
2021-03-12 01:00:00,326,1489.0,232.0,223.0
2021-03-12 02:00:00,340,1402.0,219.0,448.0
2021-03-12 03:00:00,378,1185.0,203.0,330.0
2021-03-12 04:00:00,279,1222.0,279.0,277.0
2021-03-12 05:00:00,245,1338.0,250.0,227.0
2021-03-12 06:00:00,192,1383.0,232.0,299.0
2021-03-12 07:00:00,221,1454.0,276.0,296.0
2021-03-12 08:00:00,184,1799.0,271.0,281.0
2021-03-12 09:00:00,194,1457.0,230.0,319.0
2021-03-12 10:00:00,161,1521.0,252.0,312.0
2021-03-12 11:00:00,194,1649.0,240.0,248.0
2021-03-12 12:00:00,226,1888.0,273.0,289.0
2021-03-12 13:00:00,271,2702.0,329.0,337.0
2021-03-12 14:00:00,478,2154.0,282.0,340.0
2021-03-12 15:00:00,387,2225.0,292.0,345.0
2021-03-12 16:00:00,331,2394.0,312.0,365.0
2021-03-12 17:00:00,403,2155.0,287.0,324.0
2021-03-12 18:00:00,325,2000.0,246.0,373.0
2021-03-12 19:00:00,435,3367.0,273.0,322.0
2021-03-12 20:00:00,333,2304.0,254.0,272.0
2021-03-12 21:00:00,316,1824.0,294.0,225.0
2021-03-12 22:00:00,346,1526.0,316.0,257.0
2021-03-12 23:00:00,335,1363.0,243.0,258.0
2021-03-13 00:00:00,305,1733.0,203.0,191.0
2021-03-13 01:00:00,327,1383.0,204.0,189.0
2021-03-13 02:00:00,415,1193.0,203.0,158.0
2021-03-13 03:00:00,324,966.0,175.0,160.0
2021-03-13 04:00:00,295,1009.0,158.0,183.0
2021-03-13 05:00:00,343,988.0,160.0,156.0
2021-03-13 06:00:00,288,1107.0,176.0,231.0
2021-03-13 07:00:00,324,1225.0,183.0,223.0
2021-03-13 08:00:00,291,1833.0,243.0,288.0
2021-03-13 09:00:00,252,1402.0,220.0,293.0
2021-03-13 10:00:00,350,5772.0,336.0,458.0
2021-03-13 11:00:00,377,6243.0,298.0,455.0
2021-03-13 12:00:00,502,5078.0,299.0,542.0
2021-03-13 13:00:00,360,3633.0,388.0,449.0
2021-03-13 14:00:00,406,3479.0,308.0,379.0
2021-03-13 15:00:00,448,3265.0,302.0,400.0
2021-03-13 16:00:00,464,2825.0,321.0,382.0
2021-03-13 17:00:00,637,2847.0,405.0,455.0
2021-03-13 18:00:00,648,2868.0,360.0,352.0
2021-03-13 19:00:00,919,2681.0,304.0,339.0
2021-03-13 20:00:00,740,4164.0,339.0,366.0
2021-03-13 21:00:00,618,2765.0,269.0,290.0
2021-03-13 22:00:00,462,2228.0,250.0,305.0
2021-03-13 23:00:00,1365,2064.0,229.0,304.0
2021-03-14 00:00:00,1463,1899.0,237.0,214.0
2021-03-14 01:00:00,714,1555.0,342.0,172.0
2021-03-14 02:00:00,665,1514.0,164.0,172.0
2021-03-14 03:00:00,832,1435.0,154.0,172.0
2021-03-14 04:00:00,1076,1379.0,170.0,240.0
2021-03-14 05:00:00,568,1186.0,140.0,150.0
2021-03-14 06:00:00,451,1505.0,217.0,164.0
2021-03-14 07:00:00,383,1520.0,177.0,234.0
2021-03-14 08:00:00,416,1623.0,237.0,295.0
2021-03-14 09:00:00,607,1385.0,231.0,241.0
2021-03-14 10:00:00,805,1488.0,209.0,444.0
2021-03-14 11:00:00,618,1706.0,236.0,332.0
2021-03-14 12:00:00,567,1729.0,268.0,308.0
2021-03-14 13:00:00,815,1735.0,287.0,287.0
2021-03-14 14:00:00,877,2437.0,292.0,298.0
2021-03-14 15:00:00,568,2109.0,340.0,297.0
2021-03-14 16:00:00,451,1923.0,296.0,273.0
2021-03-14 17:00:00,533,1705.0,335.0,298.0
2021-03-14 18:00:00,478,1829.0,303.0,295.0
2021-03-14 19:00:00,467,1660.0,321.0,294.0
2021-03-14 20:00:00,478,1715.0,266.0,279.0
2021-03-14 21:00:00,480,1693.0,279.0,300.0
2021-03-14 22:00:00,436,1606.0,249.0,268.0
2021-03-14 23:00:00,457,1863.0,259.0,221.0
2021-03-15 00:00:00,311,2013.0,243.0,147.0
2021-03-15 01:00:00,347,1696.0,256.0,202.0
2021-03-15 02:00:00,330,1262.0,173.0,164.0
2021-03-15 03:00:00,417,1176.0,186.0,204.0
2021-03-15 04:00:00,327,1143.0,193.0,191.0
2021-03-15 05:00:00,370,1357.0,176.0,241.0
2021-03-15 06:00:00,264,1411.0,208.0,246.0
2021-03-15 07:00:00,299,1971.0,272.0,373.0
2021-03-15 08:00:00,213,1658.0,257.0,308.0
2021-03-15 09:00:00,233,2814.0,240.0,334.0
2021-03-15 10:00:00,263,2517.0,248.0,329.0
2021-03-15 11:00:00,267,2049.0,309.0,306.0
2021-03-15 12:00:00,298,2423.0,247.0,327.0
2021-03-15 13:00:00,352,2220.0,247.0,312.0
2021-03-15 14:00:00,344,2237.0,1645.0,344.0
2021-03-15 15:00:00,415,2884.0,330.0,413.0
2021-03-15 16:00:00,403,2621.0,326.0,338.0
2021-03-15 17:00:00,451,2306.0,390.0,332.0
2021-03-15 18:00:00,454,2133.0,403.0,445.0
2021-03-15 19:00:00,472,1775.0,495.0,365.0
2021-03-15 20:00:00,618,1748.0,683.0,383.0
2021-03-15 21:00:00,401,1843.0,578.0,302.0
2021-03-15 22:00:00,382,1821.0,422.0,276.0
2021-03-15 23:00:00,453,1640.0,317.0,226.0
2021-03-16 00:00:00,351,1953.0,320.0,225.0
2021-03-16 01:00:00,322,2285.0,364.0,275.0
2021-03-16 02:00:00,324,1486.0,416.0,218.0
2021-03-16 03:00:00,262,1355.0,391.0,193.0
2021-03-16 04:00:00,237,1378.0,399.0,187.0
2021-03-16 05:00:00,271,1363.0,348.0,238.0
2021-03-16 06:00:00,261,1519.0,340.0,278.0
2021-03-16 07:00:00,299,1619.0,357.0,371.0
2021-03-16 08:00:00,255,1697.0,344.0,302.0
2021-03-16 09:00:00,228,1663.0,355.0,274.0
2021-03-16 10:00:00,184,1717.0,346.0,254.0
2021-03-16 11:00:00,265,1921.0,355.0,327.0
2021-03-16 12:00:00,273,1972.0,402.0,268.0
2021-03-16 13:00:00,333,2036.0,371.0,328.0
2021-03-16 14:00:00,339,1851.0,336.0,292.0
2021-03-16 15:00:00,384,1907.0,406.0,341.0
2021-03-16 16:00:00,643,2382.0,436.0,359.0
2021-03-16 17:00:00,650,2322.0,360.0,345.0
2021-03-16 18:00:00,641,2209.0,358.0,337.0
2021-03-16 19:00:00,545,1849.0,383.0,312.0
2021-03-16 20:00:00,515,1977.0,311.0,333.0
2021-03-16 21:00:00,478,1776.0,316.0,321.0
2021-03-16 22:00:00,450,2011.0,314.0,263.0
2021-03-16 23:00:00,449,1723.0,263.0,207.0
2021-03-17 00:00:00,407,1696.0,239.0,216.0
2021-03-17 01:00:00,417,1511.0,188.0,188.0
2021-03-17 02:00:00,400,1452.0,218.0,205.0
2021-03-17 03:00:00,421,1225.0,180.0,167.0
2021-03-17 04:00:00,302,1204.0,199.0,171.0
2021-03-17 05:00:00,304,1373.0,202.0,209.0
2021-03-17 06:00:00,270,1340.0,261.0,192.0
2021-03-17 07:00:00,244,1594.0,281.0,315.0
2021-03-17 08:00:00,223,1372.0,247.0,292.0
2021-03-17 09:00:00,193,1502.0,227.0,281.0
2021-03-17 10:00:00,226,1839.0,264.0,258.0
2021-03-17 11:00:00,315,1768.0,298.0,317.0
2021-03-17 12:00:00,377,2065.0,272.0,300.0
2021-03-17 13:00:00,343,1992.0,262.0,348.0
2021-03-17 14:00:00,352,2506.0,359.0,306.0
2021-03-17 15:00:00,447,2656.0,383.0,398.0
2021-03-17 16:00:00,444,2462.0,350.0,310.0
2021-03-17 17:00:00,434,2302.0,355.0,363.0
2021-03-17 18:00:00,409,2933.0,378.0,459.0
2021-03-17 19:00:00,463,2848.0,398.0,384.0
2021-03-17 20:00:00,430,3008.0,346.0,349.0
2021-03-17 21:00:00,348,2235.0,264.0,274.0
2021-03-17 22:00:00,297,2087.0,323.0,269.0
2021-03-17 23:00:00,363,1770.0,232.0,234.0
2021-03-18 00:00:00,384,1816.0,223.0,185.0
2021-03-18 01:00:00,320,1585.0,274.0,153.0
2021-03-18 02:00:00,293,1505.0,248.0,194.0
2021-03-18 03:00:00,266,1251.0,206.0,181.0
2021-03-18 04:00:00,250,1163.0,207.0,196.0
2021-03-18 05:00:00,285,1136.0,228.0,182.0
2021-03-18 06:00:00,252,1257.0,183.0,248.0
2021-03-18 07:00:00,302,1453.0,210.0,307.0
2021-03-18 08:00:00,205,1362.0,210.0,213.0
2021-03-18 09:00:00,170,1516.0,511.0,310.0
2021-03-18 10:00:00,198,1641.0,440.0,280.0
2021-03-18 11:00:00,210,3722.0,361.0,320.0
2021-03-18 12:00:00,277,3570.0,390.0,340.0
2021-03-18 13:00:00,278,3283.0,371.0,362.0
2021-03-18 14:00:00,312,3076.0,367.0,298.0
2021-03-18 15:00:00,372,3270.0,372.0,455.0
2021-03-18 16:00:00,374,4030.0,587.0,395.0
2021-03-18 17:00:00,378,2988.0,410.0,384.0
2021-03-18 18:00:00,529,2857.0,382.0,423.0
2021-03-18 19:00:00,377,2424.0,353.0,389.0
2021-03-18 20:00:00,323,2204.0,293.0,336.0
2021-03-18 21:00:00,428,1855.0,283.0,247.0
2021-03-18 22:00:00,313,1630.0,258.0,248.0
2021-03-18 23:00:00,333,1604.0,263.0,212.0
2021-03-19 00:00:00,357,1647.0,242.0,201.0
2021-03-19 01:00:00,273,1490.0,225.0,185.0
2021-03-19 02:00:00,311,1526.0,169.0,214.0
2021-03-19 03:00:00,301,1543.0,204.0,192.0
2021-03-19 04:00:00,185,1357.0,206.0,192.0
2021-03-19 05:00:00,225,1416.0,177.0,219.0
2021-03-19 06:00:00,252,1590.0,268.0,322.0
2021-03-19 07:00:00,220,2228.0,280.0,343.0
2021-03-19 08:00:00,291,1963.0,245.0,256.0
2021-03-19 09:00:00,258,1906.0,278.0,318.0
2021-03-19 10:00:00,255,1936.0,275.0,326.0
2021-03-19 11:00:00,238,2093.0,307.0,361.0
2021-03-19 12:00:00,268,2904.0,282.0,316.0
2021-03-19 13:00:00,292,3445.0,295.0,312.0
2021-03-19 14:00:00,321,3664.0,382.0,387.0
2021-03-19 15:00:00,357,3699.0,384.0,411.0
2021-03-19 16:00:00,336,2861.0,328.0,345.0
2021-03-19 17:00:00,329,2491.0,475.0,314.0
2021-03-19 18:00:00,422,3599.0,465.0,341.0
2021-03-19 19:00:00,404,2815.0,334.0,315.0
2021-03-19 20:00:00,437,2458.0,380.0,325.0
2021-03-19 21:00:00,400,2178.0,261.0,302.0
2021-03-19 22:00:00,301,2053.0,244.0,262.0
2021-03-19 23:00:00,349,1830.0,219.0,184.0
2021-03-20 00:00:00,296,1869.0,233.0,197.0
2021-03-20 01:00:00,323,1762.0,198.0,160.0
2021-03-20 02:00:00,308,2009.0,252.0,173.0
2021-03-20 03:00:00,275,1765.0,172.0,172.0
2021-03-20 04:00:00,217,1644.0,231.0,205.0
2021-03-20 05:00:00,251,1394.0,193.0,182.0
2021-03-20 06:00:00,184,1394.0,184.0,191.0
2021-03-20 07:00:00,377,1689.0,245.0,263.0
2021-03-20 08:00:00,194,1567.0,223.0,250.0
2021-03-20 09:00:00,230,1615.0,195.0,326.0
2021-03-20 10:00:00,191,1589.0,216.0,274.0
2021-03-20 11:00:00,212,1817.0,267.0,305.0
2021-03-20 12:00:00,307,1913.0,247.0,312.0
2021-03-20 13:00:00,333,2261.0,402.0,318.0
2021-03-20 14:00:00,353,2009.0,267.0,286.0
2021-03-20 15:00:00,461,2030.0,285.0,477.0
2021-03-20 16:00:00,424,2141.0,315.0,422.0
2021-03-20 17:00:00,574,1898.0,336.0,331.0
2021-03-20 18:00:00,466,1842.0,313.0,290.0
2021-03-20 19:00:00,395,1607.0,258.0,284.0
2021-03-20 20:00:00,348,1588.0,243.0,256.0
2021-03-20 21:00:00,384,1347.0,227.0,246.0
2021-03-20 22:00:00,513,1306.0,223.0,208.0
2021-03-20 23:00:00,472,1249.0,257.0,166.0
2021-03-21 00:00:00,792,1122.0,251.0,142.0
2021-03-21 01:00:00,370,995.0,206.0,141.0
2021-03-21 02:00:00,280,1111.0,201.0,141.0
2021-03-21 03:00:00,268,1093.0,176.0,157.0
2021-03-21 04:00:00,251,1119.0,177.0,161.0
2021-03-21 05:00:00,188,1056.0,196.0,163.0
2021-03-21 06:00:00,147,1148.0,196.0,171.0
2021-03-21 07:00:00,236,1427.0,241.0,219.0
2021-03-21 08:00:00,217,1599.0,223.0,200.0
2021-03-21 09:00:00,161,1713.0,329.0,307.0
2021-03-21 10:00:00,208,1765.0,218.0,287.0
2021-03-21 11:00:00,159,1629.0,264.0,267.0
2021-03-21 12:00:00,203,1737.0,268.0,326.0
2021-03-21 13:00:00,211,1860.0,247.0,285.0
2021-03-21 14:00:00,286,2003.0,1439.0,429.0
2021-03-21 15:00:00,351,1930.0,1105.0,419.0
2021-03-21 16:00:00,394,1754.0,1127.0,464.0
2021-03-21 17:00:00,332,1599.0,694.0,333.0
2021-03-21 18:00:00,301,1719.0,453.0,311.0
2021-03-21 19:00:00,257,1494.0,394.0,231.0
2021-03-21 20:00:00,306,1836.0,357.0,288.0
2021-03-21 21:00:00,273,1917.0,317.0,232.0
2021-03-21 22:00:00,226,1650.0,366.0,206.0
2021-03-21 23:00:00,256,1611.0,374.0,200.0
2021-03-22 00:00:00,265,1543.0,363.0,174.0
2021-03-22 01:00:00,268,1425.0,381.0,163.0
2021-03-22 02:00:00,255,1211.0,338.0,170.0
2021-03-22 03:00:00,215,1313.0,327.0,170.0
2021-03-22 04:00:00,205,1112.0,258.0,144.0
2021-03-22 05:00:00,152,1183.0,283.0,205.0
2021-03-22 06:00:00,160,1315.0,306.0,234.0
2021-03-22 07:00:00,175,1589.0,308.0,257.0
2021-03-22 08:00:00,173,1369.0,368.0,314.0
2021-03-22 09:00:00,134,1576.0,319.0,301.0
2021-03-22 10:00:00,164,1800.0,360.0,329.0
2021-03-22 11:00:00,183,1850.0,369.0,284.0
2021-03-22 12:00:00,248,1826.0,338.0,360.0
2021-03-22 13:00:00,305,2304.0,408.0,352.0
2021-03-22 14:00:00,257,2133.0,397.0,514.0
2021-03-22 15:00:00,253,2103.0,455.0,455.0
2021-03-22 16:00:00,315,2091.0,386.0,486.0
2021-03-22 17:00:00,327,2093.0,333.0,471.0
2021-03-22 18:00:00,327,1910.0,345.0,323.0
2021-03-22 19:00:00,328,2484.0,328.0,308.0
2021-03-22 20:00:00,361,3758.0,338.0,306.0
2021-03-22 21:00:00,353,3433.0,375.0,376.0
2021-03-22 22:00:00,306,2544.0,275.0,333.0
2021-03-22 23:00:00,267,1948.0,282.0,255.0
2021-03-23 00:00:00,287,1857.0,298.0,244.0
2021-03-23 01:00:00,265,1575.0,256.0,236.0
2021-03-23 02:00:00,236,1394.0,276.0,222.0
2021-03-23 03:00:00,180,1268.0,255.0,240.0
2021-03-23 04:00:00,146,1288.0,198.0,195.0
2021-03-23 05:00:00,165,1522.0,202.0,217.0
2021-03-23 06:00:00,154,1739.0,232.0,247.0
2021-03-23 07:00:00,205,1871.0,240.0,353.0
2021-03-23 08:00:00,167,2004.0,207.0,316.0
2021-03-23 09:00:00,148,1860.0,214.0,279.0
2021-03-23 10:00:00,150,1817.0,268.0,250.0
2021-03-23 11:00:00,189,1986.0,356.0,249.0
2021-03-23 12:00:00,230,2209.0,381.0,272.0
2021-03-23 13:00:00,263,2497.0,393.0,391.0
2021-03-23 14:00:00,264,2110.0,390.0,436.0
2021-03-23 15:00:00,267,2142.0,357.0,386.0
2021-03-23 16:00:00,267,2029.0,394.0,396.0
2021-03-23 17:00:00,284,2106.0,400.0,354.0
2021-03-23 18:00:00,268,2080.0,376.0,340.0
2021-03-23 19:00:00,283,1706.0,344.0,361.0
2021-03-23 20:00:00,283,1654.0,300.0,348.0
2021-03-23 21:00:00,303,1611.0,315.0,263.0
2021-03-23 22:00:00,277,1358.0,241.0,244.0
2021-03-23 23:00:00,270,1399.0,213.0,214.0
2021-03-24 00:00:00,226,1326.0,252.0,184.0
2021-03-24 01:00:00,228,1144.0,225.0,176.0
2021-03-24 02:00:00,195,1448.0,221.0,191.0
2021-03-24 03:00:00,301,1365.0,224.0,176.0
2021-03-24 04:00:00,183,1295.0,193.0,210.0
2021-03-24 05:00:00,198,1389.0,189.0,234.0
2021-03-24 06:00:00,150,1496.0,232.0,246.0
2021-03-24 07:00:00,472,4246.0,326.0,344.0
2021-03-24 08:00:00,194,3193.0,275.0,382.0
2021-03-24 09:00:00,241,2756.0,258.0,372.0
2021-03-24 10:00:00,247,2818.0,245.0,349.0
2021-03-24 11:00:00,248,3075.0,272.0,303.0
2021-03-24 12:00:00,269,4758.0,320.0,247.0
2021-03-24 13:00:00,360,5131.0,330.0,306.0
2021-03-24 14:00:00,281,5300.0,339.0,307.0
2021-03-24 15:00:00,327,4866.0,411.0,289.0
2021-03-24 16:00:00,317,4617.0,347.0,278.0
2021-03-24 17:00:00,375,4719.0,379.0,285.0
2021-03-24 18:00:00,384,3595.0,390.0,246.0
2021-03-24 19:00:00,338,2986.0,423.0,293.0
2021-03-24 20:00:00,330,3239.0,383.0,326.0
2021-03-24 21:00:00,382,2611.0,320.0,335.0
2021-03-24 22:00:00,374,3193.0,291.0,305.0
2021-03-24 23:00:00,329,2871.0,287.0,277.0
2021-03-25 00:00:00,299,2525.0,309.0,222.0
2021-03-25 01:00:00,321,2115.0,302.0,282.0
2021-03-25 02:00:00,356,2206.0,228.0,159.0
2021-03-25 03:00:00,265,1791.0,229.0,152.0
2021-03-25 04:00:00,220,1872.0,169.0,162.0
2021-03-25 05:00:00,185,1920.0,217.0,161.0
2021-03-25 06:00:00,201,1927.0,195.0,205.0
2021-03-25 07:00:00,280,2146.0,263.0,283.0
2021-03-25 08:00:00,197,2050.0,280.0,253.0
2021-03-25 09:00:00,149,2204.0,288.0,283.0
2021-03-25 10:00:00,279,3071.0,280.0,1275.0
2021-03-25 11:00:00,224,3240.0,330.0,1381.0
2021-03-25 12:00:00,345,4319.0,295.0,1243.0
2021-03-25 13:00:00,387,4576.0,305.0,1316.0
2021-03-25 14:00:00,373,4002.0,346.0,1254.0
2021-03-25 15:00:00,413,3648.0,377.0,1336.0
2021-03-25 16:00:00,333,3524.0,360.0,1201.0
2021-03-25 17:00:00,303,2915.0,361.0,1084.0
2021-03-25 18:00:00,418,3185.0,342.0,1272.0
2021-03-25 19:00:00,361,2514.0,351.0,919.0
2021-03-25 20:00:00,322,2258.0,278.0,670.0
2021-03-25 21:00:00,322,2069.0,314.0,507.0
2021-03-25 22:00:00,304,1812.0,264.0,416.0
2021-03-25 23:00:00,309,1795.0,253.0,446.0
2021-03-26 00:00:00,294,1762.0,230.0,494.0
2021-03-26 01:00:00,251,1485.0,258.0,535.0
2021-03-26 02:00:00,240,1163.0,207.0,174.0
2021-03-26 03:00:00,210,1158.0,207.0,159.0
2021-03-26 04:00:00,222,1008.0,204.0,151.0
2021-03-26 05:00:00,226,1043.0,209.0,203.0
2021-03-26 06:00:00,287,1725.0,197.0,706.0
2021-03-26 07:00:00,197,2004.0,226.0,677.0
2021-03-26 08:00:00,149,2058.0,213.0,729.0
2021-03-26 09:00:00,168,2020.0,226.0,605.0
2021-03-26 10:00:00,173,1905.0,285.0,556.0
2021-03-26 11:00:00,192,1832.0,320.0,441.0
2021-03-26 12:00:00,255,2232.0,352.0,547.0
2021-03-26 13:00:00,281,2216.0,322.0,532.0
2021-03-26 14:00:00,264,2264.0,300.0,374.0
2021-03-26 15:00:00,283,2297.0,315.0,479.0
2021-03-26 16:00:00,300,2364.0,297.0,531.0
2021-03-26 17:00:00,260,3051.0,287.0,491.0
2021-03-26 18:00:00,238,2901.0,314.0,451.0
2021-03-26 19:00:00,294,2319.0,300.0,431.0
2021-03-26 20:00:00,297,2058.0,282.0,481.0
2021-03-26 21:00:00,339,1892.0,278.0,387.0
2021-03-26 22:00:00,344,1909.0,245.0,315.0
2021-03-26 23:00:00,293,1639.0,248.0,281.0
2021-03-27 00:00:00,312,1872.0,239.0,303.0
2021-03-27 01:00:00,311,1672.0,205.0,289.0
2021-03-27 02:00:00,314,1736.0,1067.0,395.0
2021-03-27 03:00:00,350,1892.0,583.0,445.0
2021-03-27 04:00:00,258,1738.0,442.0,367.0
2021-03-27 05:00:00,232,1654.0,388.0,359.0
2021-03-27 06:00:00,212,1870.0,348.0,457.0
2021-03-27 07:00:00,177,2438.0,352.0,466.0
2021-03-27 08:00:00,131,1863.0,386.0,429.0
2021-03-27 09:00:00,142,1794.0,383.0,376.0
2021-03-27 10:00:00,162,1758.0,361.0,430.0
2021-03-27 11:00:00,135,1819.0,373.0,412.0
2021-03-27 12:00:00,190,2189.0,289.0,421.0
2021-03-27 13:00:00,194,2043.0,317.0,418.0
2021-03-27 14:00:00,328,2178.0,347.0,369.0
2021-03-27 15:00:00,298,2195.0,284.0,449.0
2021-03-27 16:00:00,358,2430.0,262.0,442.0
2021-03-27 17:00:00,309,2344.0,322.0,429.0
2021-03-27 18:00:00,279,1994.0,271.0,342.0
2021-03-27 19:00:00,332,1924.0,322.0,363.0
2021-03-27 20:00:00,327,1568.0,307.0,350.0
2021-03-27 21:00:00,302,1518.0,306.0,327.0
2021-03-27 22:00:00,257,1408.0,239.0,224.0
2021-03-27 23:00:00,231,1399.0,239.0,199.0
2021-03-28 00:00:00,285,1397.0,183.0,193.0
2021-03-28 01:00:00,346,1270.0,175.0,266.0
2021-03-28 02:00:00,280,1350.0,163.0,289.0
2021-03-28 03:00:00,216,1307.0,163.0,232.0
2021-03-28 04:00:00,226,1349.0,138.0,238.0
2021-03-28 05:00:00,204,1343.0,149.0,262.0
2021-03-28 06:00:00,131,1216.0,164.0,282.0
2021-03-28 07:00:00,178,1497.0,224.0,297.0
2021-03-28 08:00:00,126,1505.0,232.0,312.0
2021-03-28 09:00:00,146,1589.0,202.0,330.0
2021-03-28 10:00:00,131,1501.0,243.0,258.0
2021-03-28 11:00:00,184,1583.0,219.0,254.0
2021-03-28 12:00:00,217,1867.0,264.0,300.0
2021-03-28 13:00:00,304,1726.0,329.0,289.0
2021-03-28 14:00:00,257,1818.0,276.0,267.0
2021-03-28 15:00:00,372,2099.0,319.0,302.0
2021-03-28 16:00:00,353,1800.0,313.0,343.0
2021-03-28 17:00:00,312,1953.0,335.0,358.0
2021-03-28 18:00:00,411,1824.0,332.0,329.0
2021-03-28 19:00:00,301,1773.0,363.0,287.0
2021-03-28 20:00:00,266,1617.0,227.0,219.0
2021-03-28 21:00:00,287,1367.0,258.0,194.0
2021-03-28 22:00:00,270,1315.0,225.0,226.0
2021-03-28 23:00:00,271,1180.0,239.0,181.0
2021-03-29 00:00:00,275,1203.0,218.0,181.0
2021-03-29 01:00:00,276,1194.0,254.0,176.0
2021-03-29 02:00:00,217,1038.0,257.0,166.0
2021-03-29 03:00:00,239,1206.0,271.0,201.0
2021-03-29 04:00:00,236,1052.0,288.0,170.0
2021-03-29 05:00:00,110,1152.0,216.0,159.0
2021-03-29 06:00:00,141,1490.0,268.0,245.0
2021-03-29 07:00:00,156,1735.0,286.0,294.0
2021-03-29 08:00:00,134,1860.0,267.0,397.0
2021-03-29 09:00:00,193,2540.0,416.0,401.0
2021-03-29 10:00:00,178,2380.0,500.0,360.0
2021-03-29 11:00:00,174,1963.0,483.0,319.0
2021-03-29 12:00:00,253,2367.0,472.0,392.0
2021-03-29 13:00:00,234,2423.0,523.0,335.0
2021-03-29 14:00:00,243,2378.0,485.0,419.0
2021-03-29 15:00:00,237,3406.0,413.0,377.0
2021-03-29 16:00:00,336,3866.0,508.0,411.0
2021-03-29 17:00:00,334,3322.0,632.0,400.0
2021-03-29 18:00:00,338,3586.0,540.0,424.0
2021-03-29 19:00:00,312,2768.0,423.0,316.0
2021-03-29 20:00:00,287,2272.0,436.0,360.0
2021-03-29 21:00:00,375,2108.0,386.0,306.0
2021-03-29 22:00:00,253,1837.0,445.0,244.0
2021-03-29 23:00:00,268,1793.0,277.0,239.0
2021-03-31 00:00:00,239,1687.0,225.0,183.0
2021-03-31 01:00:00,235,1546.0,194.0,193.0
2021-03-31 02:00:00,204,1572.0,270.0,161.0
2021-03-31 03:00:00,170,1708.0,227.0,179.0
2021-03-31 04:00:00,207,1612.0,200.0,197.0
2021-03-31 05:00:00,203,1678.0,184.0,207.0
2021-03-31 06:00:00,196,2194.0,173.0,254.0
2021-03-31 07:00:00,163,2131.0,264.0,288.0
2021-03-31 08:00:00,156,2236.0,264.0,343.0
2021-03-31 09:00:00,165,1863.0,201.0,291.0
2021-03-31 10:00:00,165,1900.0,315.0,344.0
2021-03-31 11:00:00,199,3456.0,410.0,838.0
2021-03-31 12:00:00,201,3734.0,284.0,806.0
2021-03-31 13:00:00,244,3870.0,365.0,948.0
2021-03-31 14:00:00,202,4007.0,414.0,978.0
2021-03-31 15:00:00,282,4333.0,351.0,1013.0
2021-03-31 16:00:00,373,4225.0,299.0,1016.0
2021-03-31 17:00:00,312,4148.0,352.0,947.0
2021-03-31 18:00:00,268,4045.0,484.0,937.0
2021-03-31 19:00:00,284,3969.0,589.0,858.0
2021-03-31 20:00:00,307,2716.0,495.0,605.0
2021-03-31 21:00:00,269,2229.0,429.0,461.0
2021-03-31 22:00:00,209,1991.0,345.0,353.0
2021-03-31 23:00:00,319,1790.0,240.0,322.0
2021-04-01 00:00:00,263,1915.0,241.0,405.0
2021-04-01 01:00:00,224,1917.0,236.0,391.0
2021-04-01 02:00:00,233,1752.0,183.0,351.0
2021-04-01 03:00:00,230,1919.0,209.0,407.0
2021-04-01 04:00:00,228,1863.0,207.0,380.0
2021-04-01 05:00:00,210,1780.0,214.0,373.0
2021-04-01 06:00:00,190,1910.0,223.0,429.0
2021-04-01 07:00:00,213,2080.0,297.0,431.0
2021-04-01 08:00:00,199,1966.0,367.0,445.0
2021-04-01 09:00:00,183,2099.0,330.0,398.0
2021-04-01 10:00:00,1192,2206.0,304.0,337.0
2021-04-01 11:00:00,1768,2556.0,304.0,408.0
2021-04-01 12:00:00,1266,3478.0,341.0,349.0
2021-04-01 13:00:00,1156,3583.0,369.0,320.0
2021-04-01 14:00:00,925,3791.0,425.0,346.0
2021-04-01 15:00:00,807,4205.0,342.0,367.0
2021-04-01 16:00:00,896,3837.0,369.0,397.0
2021-04-01 17:00:00,847,3648.0,351.0,406.0
2021-04-01 18:00:00,669,2358.0,440.0,416.0
2021-04-01 19:00:00,645,1821.0,526.0,449.0
2021-04-01 20:00:00,618,1781.0,397.0,315.0
2021-04-01 21:00:00,487,1532.0,286.0,251.0
2021-04-01 22:00:00,415,1468.0,260.0,241.0
2021-04-01 23:00:00,435,1260.0,251.0,261.0
2021-04-02 00:00:00,400,1307.0,247.0,218.0
2021-04-02 01:00:00,290,1188.0,238.0,231.0
2021-04-02 02:00:00,290,2014.0,600.0,418.0
2021-04-02 03:00:00,273,1482.0,344.0,282.0
2021-04-02 04:00:00,317,1256.0,300.0,231.0
2021-04-02 05:00:00,277,1313.0,284.0,270.0
2021-04-02 06:00:00,252,1355.0,296.0,295.0
2021-04-02 07:00:00,264,1558.0,474.0,377.0
2021-04-02 08:00:00,262,1546.0,334.0,334.0
2021-04-02 09:00:00,259,1574.0,374.0,416.0
2021-04-02 10:00:00,283,1455.0,438.0,393.0
2021-04-02 11:00:00,246,1542.0,512.0,347.0
2021-04-02 12:00:00,246,1708.0,444.0,371.0
2021-04-02 13:00:00,318,1716.0,455.0,346.0
2021-04-02 14:00:00,309,1757.0,1151.0,428.0
2021-04-02 15:00:00,344,1687.0,1065.0,492.0
2021-04-02 16:00:00,364,1687.0,826.0,480.0
2021-04-02 17:00:00,372,1405.0,634.0,388.0
2021-04-02 18:00:00,362,1550.0,539.0,354.0
2021-04-02 19:00:00,372,1645.0,520.0,369.0
2021-04-02 20:00:00,339,1535.0,577.0,540.0
2021-04-02 21:00:00,359,1544.0,585.0,388.0
2021-04-02 22:00:00,339,1418.0,449.0,334.0
2021-04-02 23:00:00,263,1380.0,642.0,357.0
2021-04-03 00:00:00,237,1215.0,407.0,279.0
2021-04-03 01:00:00,346,1128.0,359.0,223.0
2021-04-03 02:00:00,258,1057.0,358.0,234.0
2021-04-03 03:00:00,226,993.0,303.0,244.0
2021-04-03 04:00:00,283,1019.0,260.0,241.0
2021-04-03 05:00:00,233,1051.0,286.0,247.0
2021-04-03 06:00:00,269,1218.0,302.0,311.0
2021-04-03 07:00:00,240,1359.0,376.0,468.0
2021-04-03 08:00:00,215,1306.0,342.0,419.0
2021-04-03 09:00:00,189,1321.0,342.0,300.0
2021-04-03 10:00:00,196,1324.0,335.0,363.0
2021-04-03 11:00:00,237,1470.0,553.0,349.0
2021-04-03 12:00:00,246,1639.0,1297.0,376.0
2021-04-03 13:00:00,295,2114.0,565.0,494.0
2021-04-03 14:00:00,316,1725.0,488.0,391.0
2021-04-03 15:00:00,290,1646.0,460.0,337.0
2021-04-03 16:00:00,260,1653.0,433.0,293.0
2021-04-03 17:00:00,325,1722.0,392.0,304.0
2021-04-03 18:00:00,345,1927.0,398.0,371.0
2021-04-03 19:00:00,328,1441.0,329.0,262.0
2021-04-03 20:00:00,290,1326.0,287.0,314.0
2021-04-03 21:00:00,307,1363.0,328.0,280.0
2021-04-03 22:00:00,401,1624.0,306.0,245.0
2021-04-03 23:00:00,295,1475.0,275.0,183.0
2021-04-04 00:00:00,334,1480.0,238.0,158.0
2021-04-04 01:00:00,385,1249.0,311.0,151.0
2021-04-04 02:00:00,206,1131.0,225.0,168.0
2021-04-04 03:00:00,199,1103.0,237.0,165.0
2021-04-04 04:00:00,192,1052.0,175.0,237.0
2021-04-04 05:00:00,191,1036.0,221.0,195.0
2021-04-04 06:00:00,208,1204.0,221.0,228.0
2021-04-04 07:00:00,215,1386.0,288.0,312.0
2021-04-04 08:00:00,218,1405.0,317.0,298.0
2021-04-04 09:00:00,214,1592.0,266.0,318.0
2021-04-04 10:00:00,209,1457.0,322.0,509.0
2021-04-04 11:00:00,296,1348.0,332.0,414.0
2021-04-04 12:00:00,307,1603.0,370.0,359.0
2021-04-04 13:00:00,356,1652.0,378.0,460.0
2021-04-04 14:00:00,308,1510.0,344.0,408.0
2021-04-04 15:00:00,301,1543.0,353.0,339.0
2021-04-04 16:00:00,289,1613.0,366.0,315.0
2021-04-04 17:00:00,358,1589.0,345.0,341.0
2021-04-04 18:00:00,284,1597.0,323.0,348.0
2021-04-04 19:00:00,268,1290.0,357.0,310.0
2021-04-04 20:00:00,241,1320.0,331.0,329.0
2021-04-04 21:00:00,337,1312.0,350.0,351.0
2021-04-04 22:00:00,245,1217.0,252.0,270.0
2021-04-04 23:00:00,230,1116.0,213.0,260.0
2021-04-05 00:00:00,251,1118.0,203.0,202.0
2021-04-05 01:00:00,269,985.0,225.0,202.0
2021-04-05 02:00:00,302,1062.0,163.0,183.0
2021-04-05 03:00:00,285,1034.0,208.0,237.0
2021-04-05 04:00:00,275,963.0,225.0,213.0
2021-04-05 05:00:00,174,1204.0,161.0,255.0
2021-04-05 06:00:00,207,1350.0,241.0,222.0
2021-04-05 07:00:00,206,1417.0,314.0,352.0
2021-04-05 08:00:00,165,1511.0,303.0,340.0
2021-04-05 09:00:00,156,1507.0,287.0,376.0
2021-04-05 10:00:00,260,1637.0,332.0,386.0
2021-04-05 11:00:00,232,1800.0,325.0,350.0
2021-04-05 12:00:00,209,2285.0,318.0,431.0
2021-04-05 13:00:00,300,2207.0,324.0,408.0
2021-04-05 14:00:00,292,2360.0,453.0,497.0
2021-04-05 15:00:00,300,2099.0,338.0,407.0
2021-04-05 16:00:00,343,2224.0,402.0,542.0
2021-04-05 17:00:00,262,1982.0,362.0,373.0
2021-04-05 18:00:00,282,1866.0,381.0,364.0
2021-04-05 19:00:00,329,1812.0,327.0,337.0
2021-04-05 20:00:00,361,1611.0,338.0,368.0
2021-04-05 21:00:00,393,1639.0,343.0,310.0
2021-04-05 22:00:00,393,1456.0,311.0,244.0
2021-04-05 23:00:00,354,1313.0,211.0,206.0
2021-04-06 00:00:00,305,1468.0,236.0,193.0
2021-04-06 01:00:00,380,1168.0,317.0,190.0
2021-04-06 02:00:00,342,1112.0,266.0,171.0
2021-04-06 03:00:00,309,1003.0,184.0,174.0
2021-04-06 04:00:00,224,1002.0,231.0,170.0
2021-04-06 05:00:00,247,1095.0,228.0,154.0
2021-04-06 06:00:00,212,1159.0,237.0,267.0
2021-04-06 07:00:00,202,1378.0,352.0,311.0
2021-04-06 08:00:00,192,1460.0,322.0,259.0
2021-04-06 09:00:00,229,1476.0,386.0,283.0
2021-04-06 10:00:00,266,1567.0,374.0,312.0
2021-04-06 11:00:00,280,1639.0,401.0,319.0
2021-04-06 12:00:00,351,1802.0,378.0,350.0
2021-04-06 13:00:00,567,1903.0,329.0,346.0
2021-04-06 14:00:00,645,2270.0,363.0,346.0
2021-04-06 15:00:00,411,1996.0,329.0,438.0
2021-04-06 16:00:00,524,1933.0,358.0,434.0
2021-04-06 17:00:00,423,1667.0,397.0,303.0
2021-04-06 18:00:00,521,1698.0,394.0,323.0
2021-04-06 19:00:00,544,1471.0,318.0,414.0
2021-04-06 20:00:00,483,1673.0,330.0,361.0
2021-04-06 21:00:00,388,1523.0,340.0,309.0
2021-04-06 22:00:00,447,1287.0,288.0,305.0
2021-04-06 23:00:00,518,1086.0,265.0,236.0
2021-04-07 00:00:00,1128,1156.0,232.0,239.0
2021-04-07 01:00:00,498,1110.0,236.0,175.0
2021-04-07 02:00:00,614,1004.0,231.0,229.0
2021-04-07 03:00:00,594,1028.0,245.0,197.0
2021-04-07 04:00:00,351,1021.0,274.0,188.0
2021-04-07 05:00:00,339,1169.0,232.0,247.0
2021-04-07 06:00:00,230,1319.0,393.0,299.0
2021-04-07 07:00:00,255,1484.0,386.0,477.0
2021-04-07 08:00:00,232,1227.0,273.0,378.0
2021-04-07 09:00:00,225,1583.0,377.0,388.0
2021-04-07 10:00:00,278,1507.0,272.0,406.0
2021-04-07 11:00:00,273,2397.0,353.0,524.0
2021-04-07 12:00:00,296,2481.0,387.0,641.0
2021-04-07 13:00:00,360,2186.0,336.0,527.0
2021-04-07 14:00:00,342,1912.0,359.0,479.0
2021-04-07 15:00:00,335,1828.0,356.0,433.0
2021-04-07 16:00:00,311,1833.0,355.0,376.0
2021-04-07 17:00:00,310,1689.0,341.0,410.0
2021-04-07 18:00:00,397,1947.0,376.0,381.0
2021-04-07 19:00:00,326,2096.0,344.0,415.0
2021-04-07 20:00:00,355,1875.0,318.0,348.0
2021-04-07 21:00:00,316,1652.0,248.0,327.0
2021-04-07 22:00:00,303,1575.0,268.0,291.0
2021-04-07 23:00:00,259,1210.0,239.0,248.0
2021-04-08 00:00:00,283,1256.0,206.0,292.0
2021-04-08 01:00:00,313,1120.0,183.0,290.0
2021-04-08 02:00:00,325,1002.0,217.0,278.0
2021-04-08 03:00:00,328,956.0,219.0,240.0
2021-04-08 04:00:00,300,1076.0,253.0,255.0
2021-04-08 05:00:00,223,1141.0,211.0,263.0
2021-04-08 06:00:00,210,1290.0,282.0,280.0
2021-04-08 07:00:00,219,1548.0,249.0,283.0
2021-04-08 08:00:00,166,1452.0,273.0,305.0
2021-04-08 09:00:00,190,1321.0,247.0,322.0
2021-04-08 10:00:00,230,1367.0,289.0,278.0
2021-04-08 11:00:00,219,1515.0,218.0,290.0
2021-04-08 12:00:00,248,2004.0,304.0,311.0
2021-04-08 13:00:00,335,2044.0,320.0,401.0
2021-04-08 14:00:00,277,1966.0,301.0,386.0
2021-04-08 15:00:00,314,1868.0,335.0,381.0
2021-04-08 16:00:00,341,1753.0,365.0,392.0
2021-04-08 17:00:00,321,1688.0,294.0,361.0
2021-04-08 18:00:00,289,1680.0,353.0,338.0
2021-04-08 19:00:00,275,1544.0,393.0,269.0
2021-04-08 20:00:00,304,1464.0,375.0,270.0
2021-04-08 21:00:00,300,1428.0,295.0,264.0
2021-04-08 22:00:00,220,1310.0,249.0,251.0
2021-04-08 23:00:00,230,1175.0,226.0,206.0
2021-04-09 00:00:00,280,1280.0,216.0,194.0
2021-04-09 01:00:00,228,1068.0,201.0,158.0
2021-04-09 02:00:00,218,1016.0,223.0,177.0
2021-04-09 03:00:00,206,995.0,229.0,200.0
2021-04-09 04:00:00,233,940.0,191.0,242.0
2021-04-09 05:00:00,173,1129.0,203.0,205.0
2021-04-09 06:00:00,173,1184.0,222.0,265.0
2021-04-09 07:00:00,290,1364.0,253.0,288.0
2021-04-09 08:00:00,213,1404.0,319.0,287.0
2021-04-09 09:00:00,184,1325.0,263.0,273.0
2021-04-09 10:00:00,232,1572.0,297.0,312.0
2021-04-09 11:00:00,242,1755.0,318.0,339.0
2021-04-09 12:00:00,226,1786.0,319.0,324.0
2021-04-09 13:00:00,218,1828.0,365.0,334.0
2021-04-09 14:00:00,285,1769.0,376.0,383.0
2021-04-09 15:00:00,326,1827.0,346.0,384.0
2021-04-09 16:00:00,279,1774.0,303.0,292.0
2021-04-09 17:00:00,309,1627.0,321.0,301.0
2021-04-09 18:00:00,308,1721.0,306.0,307.0
2021-04-09 19:00:00,376,1444.0,337.0,311.0
2021-04-09 20:00:00,357,1397.0,285.0,327.0
2021-04-09 21:00:00,286,1206.0,283.0,255.0
2021-04-09 22:00:00,329,1191.0,265.0,238.0
2021-04-09 23:00:00,235,1054.0,221.0,220.0
2021-04-10 00:00:00,233,1039.0,237.0,218.0
2021-04-10 01:00:00,259,992.0,204.0,212.0
2021-04-10 02:00:00,285,994.0,233.0,212.0
2021-04-10 03:00:00,300,1041.0,230.0,187.0
2021-04-10 04:00:00,247,2464.0,392.0,303.0
2021-04-10 05:00:00,216,2131.0,247.0,294.0
2021-04-10 06:00:00,238,1721.0,269.0,268.0
2021-04-10 07:00:00,585,1985.0,275.0,339.0
2021-04-10 08:00:00,382,1668.0,256.0,347.0
2021-04-10 09:00:00,288,1648.0,262.0,270.0
2021-04-10 10:00:00,243,2284.0,275.0,325.0
2021-04-10 11:00:00,313,1896.0,262.0,330.0
2021-04-10 12:00:00,324,2014.0,303.0,341.0
2021-04-10 13:00:00,292,1922.0,345.0,352.0
2021-04-10 14:00:00,371,2068.0,357.0,390.0
2021-04-10 15:00:00,340,2096.0,388.0,380.0
2021-04-10 16:00:00,384,2095.0,299.0,430.0
2021-04-10 17:00:00,430,1815.0,308.0,334.0
2021-04-10 18:00:00,367,1698.0,321.0,287.0
2021-04-10 19:00:00,398,1463.0,330.0,258.0
2021-04-10 20:00:00,321,1573.0,293.0,236.0
2021-04-10 21:00:00,274,1477.0,272.0,228.0
2021-04-10 22:00:00,312,1344.0,256.0,202.0
2021-04-10 23:00:00,237,1201.0,188.0,195.0
2021-04-11 00:00:00,379,1339.0,219.0,167.0
2021-04-11 01:00:00,808,990.0,184.0,175.0
2021-04-11 02:00:00,523,1003.0,178.0,169.0
2021-04-11 03:00:00,357,943.0,181.0,157.0
2021-04-11 04:00:00,272,1040.0,168.0,167.0
2021-04-11 05:00:00,236,1040.0,178.0,143.0
2021-04-11 06:00:00,337,1118.0,213.0,207.0
2021-04-11 07:00:00,269,1243.0,249.0,313.0
2021-04-11 08:00:00,299,1348.0,224.0,229.0
2021-04-11 09:00:00,628,1276.0,190.0,216.0
2021-04-11 10:00:00,992,1310.0,255.0,223.0
2021-04-11 11:00:00,1511,1438.0,261.0,285.0
2021-04-11 12:00:00,1067,1661.0,394.0,268.0
2021-04-11 13:00:00,1034,1697.0,334.0,302.0
2021-04-11 14:00:00,1161,1836.0,309.0,305.0
2021-04-11 15:00:00,1071,1711.0,361.0,316.0
2021-04-11 16:00:00,854,1744.0,405.0,343.0
2021-04-11 17:00:00,1114,1622.0,429.0,298.0
2021-04-11 18:00:00,877,1644.0,344.0,296.0
2021-04-11 19:00:00,791,1586.0,366.0,279.0
2021-04-11 20:00:00,816,1405.0,403.0,309.0
2021-04-11 21:00:00,1277,1376.0,355.0,236.0
2021-04-11 22:00:00,812,1293.0,284.0,196.0
2021-04-11 23:00:00,566,1163.0,283.0,175.0
2021-04-12 00:00:00,544,1217.0,228.0,204.0
2021-04-12 01:00:00,519,1103.0,232.0,167.0
2021-04-12 02:00:00,537,1046.0,171.0,185.0
2021-04-12 03:00:00,369,979.0,192.0,193.0
2021-04-12 04:00:00,281,1024.0,245.0,163.0
2021-04-12 05:00:00,225,1106.0,282.0,196.0
2021-04-12 06:00:00,237,1298.0,262.0,228.0
2021-04-12 07:00:00,272,1930.0,431.0,334.0
2021-04-12 08:00:00,238,1603.0,364.0,292.0
2021-04-12 09:00:00,233,1560.0,366.0,309.0
2021-04-12 10:00:00,224,1675.0,367.0,270.0
2021-04-12 11:00:00,232,1662.0,357.0,253.0
2021-04-12 12:00:00,321,2032.0,369.0,340.0
2021-04-12 13:00:00,315,2131.0,367.0,364.0
2021-04-12 14:00:00,332,1996.0,356.0,323.0
2021-04-12 15:00:00,337,2132.0,399.0,321.0
2021-04-12 16:00:00,370,2097.0,366.0,337.0
2021-04-12 17:00:00,390,1888.0,344.0,344.0
2021-04-12 18:00:00,376,1848.0,309.0,358.0
2021-04-12 19:00:00,332,1780.0,264.0,255.0
2021-04-12 20:00:00,328,1663.0,332.0,350.0
2021-04-12 21:00:00,341,1495.0,290.0,265.0
2021-04-12 22:00:00,309,1394.0,230.0,229.0
2021-04-12 23:00:00,300,1198.0,177.0,219.0
2021-04-13 00:00:00,170,1207.0,222.0,194.0
2021-04-13 01:00:00,242,1244.0,254.0,165.0
2021-04-13 02:00:00,178,1252.0,239.0,187.0
2021-04-13 03:00:00,159,1151.0,208.0,169.0
2021-04-13 04:00:00,173,1068.0,198.0,178.0
2021-04-13 05:00:00,131,1000.0,224.0,167.0
2021-04-13 06:00:00,112,1583.0,272.0,245.0
2021-04-13 07:00:00,105,1525.0,295.0,249.0
2021-04-13 08:00:00,103,4904.0,351.0,463.0
2021-04-13 09:00:00,113,3325.0,302.0,378.0
2021-04-13 10:00:00,152,2904.0,305.0,353.0
2021-04-13 11:00:00,171,2767.0,350.0,370.0
2021-04-13 12:00:00,156,3137.0,402.0,415.0
2021-04-13 13:00:00,339,2793.0,384.0,386.0
2021-04-13 14:00:00,522,2764.0,432.0,427.0
2021-04-13 15:00:00,404,3034.0,408.0,407.0
2021-04-13 16:00:00,1658,2861.0,403.0,442.0
2021-04-13 17:00:00,1027,2355.0,474.0,491.0
2021-04-13 18:00:00,518,2319.0,460.0,425.0
2021-04-13 19:00:00,441,1991.0,355.0,363.0
2021-04-13 20:00:00,413,2119.0,408.0,372.0
2021-04-13 21:00:00,1561,2007.0,324.0,348.0
2021-04-13 22:00:00,1148,1742.0,318.0,224.0
2021-04-13 23:00:00,1213,1583.0,281.0,217.0
2021-04-14 00:00:00,5708,1659.0,311.0,213.0
2021-04-14 01:00:00,8323,1489.0,284.0,236.0
2021-04-14 02:00:00,3179,1364.0,229.0,232.0
2021-04-14 03:00:00,2403,1449.0,296.0,281.0
2021-04-14 04:00:00,1675,1745.0,244.0,284.0
2021-04-14 05:00:00,1909,2305.0,284.0,315.0
2021-04-14 06:00:00,4498,2101.0,274.0,405.0
2021-04-14 07:00:00,2682,2158.0,298.0,458.0
2021-04-14 08:00:00,2482,1971.0,326.0,424.0
2021-04-14 09:00:00,2016,1991.0,279.0,353.0
2021-04-14 10:00:00,1880,1908.0,333.0,366.0
2021-04-14 11:00:00,2507,2358.0,410.0,394.0
2021-04-14 12:00:00,2945,2421.0,346.0,451.0
2021-04-14 13:00:00,2406,2568.0,355.0,400.0
2021-04-14 14:00:00,1980,2670.0,351.0,406.0
2021-04-14 15:00:00,1821,2443.0,417.0,408.0
2021-04-14 16:00:00,1649,2364.0,341.0,408.0
2021-04-14 17:00:00,1349,2559.0,318.0,413.0
2021-04-14 18:00:00,1229,2585.0,330.0,434.0
2021-04-14 19:00:00,1283,2192.0,336.0,380.0
2021-04-14 20:00:00,1160,2039.0,322.0,374.0
2021-04-14 21:00:00,1108,1853.0,467.0,364.0
2021-04-14 22:00:00,1124,1729.0,392.0,297.0
2021-04-14 23:00:00,829,1469.0,267.0,287.0
2021-04-15 00:00:00,858,1408.0,280.0,235.0
2021-04-15 01:00:00,1067,1368.0,235.0,209.0
2021-04-15 02:00:00,748,1184.0,211.0,247.0
2021-04-15 03:00:00,1008,1168.0,304.0,191.0
2021-04-15 04:00:00,1945,1110.0,275.0,233.0
2021-04-15 05:00:00,1372,1174.0,253.0,246.0
2021-04-15 06:00:00,717,1386.0,286.0,330.0
2021-04-15 07:00:00,671,1647.0,407.0,394.0
2021-04-15 08:00:00,547,1486.0,312.0,272.0
2021-04-15 09:00:00,493,1581.0,292.0,311.0
2021-04-15 10:00:00,497,1591.0,392.0,284.0
2021-04-15 11:00:00,531,1799.0,375.0,299.0
2021-04-15 12:00:00,872,1796.0,372.0,363.0
2021-04-15 13:00:00,2444,1927.0,389.0,370.0
2021-04-15 14:00:00,1589,1926.0,403.0,323.0
2021-04-15 15:00:00,1155,1969.0,510.0,392.0
2021-04-15 16:00:00,1331,1929.0,418.0,431.0
2021-04-15 17:00:00,1250,1721.0,367.0,339.0
2021-04-15 18:00:00,3042,1908.0,393.0,549.0
2021-04-15 19:00:00,9590,1851.0,442.0,409.0
2021-04-15 20:00:00,8559,1743.0,712.0,393.0
2021-04-15 21:00:00,5505,1899.0,572.0,404.0
2021-04-15 22:00:00,3550,1708.0,660.0,373.0
2021-04-15 23:00:00,2640,1358.0,351.0,264.0
2021-04-14 00:00:00,5712,1658.0,311.0,214.0
2021-04-14 01:00:00,8347,1490.0,284.0,236.0
2021-04-14 02:00:00,3194,1359.0,229.0,233.0
2021-04-14 03:00:00,2406,1451.0,296.0,281.0
2021-04-14 04:00:00,1678,1745.0,244.0,284.0
2021-04-14 05:00:00,1911,2307.0,284.0,315.0
2021-04-14 06:00:00,4500,2102.0,274.0,406.0
2021-04-14 07:00:00,2684,2156.0,298.0,458.0
2021-04-14 08:00:00,2572,2050.0,326.0,437.0
2021-04-14 09:00:00,2014,1978.0,279.0,355.0
2021-04-14 10:00:00,1887,1909.0,332.0,369.0
2021-04-14 11:00:00,2505,2359.0,410.0,394.0
2021-04-14 12:00:00,2948,2422.0,346.0,451.0
2021-04-14 13:00:00,2419,2571.0,355.0,399.0
2021-04-14 14:00:00,1984,2675.0,351.0,409.0
2021-04-14 15:00:00,1830,2454.0,416.0,410.0
2021-04-14 16:00:00,1643,2354.0,342.0,407.0
2021-04-14 17:00:00,1351,2547.0,318.0,413.0
2021-04-14 18:00:00,1243,2576.0,330.0,434.0
2021-04-14 19:00:00,1290,2193.0,336.0,382.0
2021-04-14 20:00:00,1159,2036.0,322.0,376.0
2021-04-14 21:00:00,1111,1858.0,467.0,365.0
2021-04-14 22:00:00,1133,1732.0,392.0,301.0
2021-04-14 23:00:00,829,1470.0,267.0,288.0
2021-04-15 00:00:00,860,1413.0,279.0,233.0
2021-04-15 01:00:00,1071,1369.0,235.0,208.0
2021-04-15 02:00:00,748,1185.0,211.0,248.0
2021-04-15 03:00:00,1012,1166.0,305.0,191.0
2021-04-15 04:00:00,1963,1114.0,275.0,232.0
2021-04-15 05:00:00,1391,1174.0,253.0,245.0
2021-04-15 06:00:00,717,1385.0,287.0,329.0
2021-04-15 07:00:00,671,1649.0,407.0,394.0
2021-04-15 08:00:00,549,1483.0,312.0,270.0
2021-04-15 09:00:00,495,1583.0,292.0,311.0
2021-04-15 10:00:00,498,1589.0,392.0,285.0
2021-04-15 11:00:00,536,1802.0,375.0,298.0
2021-04-15 12:00:00,874,1796.0,372.0,365.0
2021-04-15 13:00:00,2451,1931.0,388.0,370.0
2021-04-15 14:00:00,1598,1925.0,402.0,324.0
2021-04-15 15:00:00,1171,1968.0,501.0,392.0
2021-04-15 16:00:00,1340,1930.0,417.0,429.0
2021-04-15 17:00:00,1262,1722.0,365.0,339.0
2021-04-15 18:00:00,3064,1913.0,393.0,565.0
2021-04-15 19:00:00,9618,1855.0,442.0,411.0
2021-04-15 20:00:00,8599,1744.0,712.0,398.0
2021-04-15 21:00:00,5544,1906.0,572.0,415.0
2021-04-15 22:00:00,3568,1712.0,661.0,375.0
2021-04-15 23:00:00,2672,1359.0,351.0,265.0
2021-04-15 00:00:00,860,1411.0,280.0,234.0
2021-04-15 01:00:00,1073,1371.0,235.0,208.0
2021-04-15 02:00:00,751,1189.0,215.0,249.0
2021-04-15 03:00:00,1013,1168.0,305.0,191.0
2021-04-15 04:00:00,1970,1119.0,275.0,233.0
2021-04-15 05:00:00,1393,1180.0,254.0,249.0
2021-04-15 06:00:00,724,1390.0,288.0,330.0
2021-04-15 07:00:00,673,1651.0,409.0,395.0
2021-04-15 08:00:00,551,1484.0,314.0,271.0
2021-04-15 09:00:00,494,1584.0,290.0,314.0
2021-04-15 10:00:00,499,1592.0,394.0,285.0
2021-04-15 11:00:00,537,1803.0,376.0,297.0
2021-04-15 12:00:00,884,1809.0,376.0,366.0
2021-04-15 13:00:00,2454,1933.0,388.0,370.0
2021-04-15 14:00:00,1599,1920.0,402.0,327.0
2021-04-15 15:00:00,1172,1960.0,505.0,395.0
2021-04-15 16:00:00,1338,1936.0,419.0,427.0
2021-04-15 17:00:00,1263,1724.0,366.0,341.0
2021-04-15 18:00:00,3073,1916.0,397.0,569.0
2021-04-15 19:00:00,9630,1862.0,443.0,414.0
2021-04-15 20:00:00,8607,1743.0,716.0,400.0
2021-04-15 21:00:00,5556,1909.0,572.0,417.0
2021-04-15 22:00:00,3584,1717.0,664.0,378.0
2021-04-15 23:00:00,2672,1357.0,351.0,267.0
2021-04-16 00:00:00,9500,1414.0,337.0,233.0
2021-04-16 01:00:00,16086,1377.0,337.0,288.0
2021-04-16 02:00:00,15412,1261.0,266.0,284.0
2021-04-16 03:00:00,8604,1212.0,284.0,265.0
2021-04-16 04:00:00,5193,1245.0,254.0,292.0
2021-04-16 05:00:00,3682,1328.0,290.0,288.0
2021-04-16 06:00:00,3188,1581.0,266.0,322.0
2021-04-16 07:00:00,2446,1643.0,287.0,364.0
2021-04-16 08:00:00,2384,1723.0,299.0,343.0
2021-04-16 09:00:00,2743,1871.0,286.0,408.0
2021-04-16 10:00:00,2859,1920.0,272.0,351.0
2021-04-16 11:00:00,6152,2276.0,316.0,379.0
2021-04-16 12:00:00,5859,2297.0,309.0,435.0
2021-04-16 13:00:00,16863,2338.0,369.0,462.0
2021-04-16 14:00:00,14532,2405.0,378.0,423.0
2021-04-16 15:00:00,12084,2369.0,393.0,463.0
2021-04-16 16:00:00,9296,2275.0,456.0,435.0
2021-04-16 17:00:00,8334,2126.0,402.0,430.0
2021-04-16 18:00:00,5981,2060.0,462.0,531.0
2021-04-16 19:00:00,5433,1974.0,478.0,414.0
2021-04-16 20:00:00,5331,1879.0,371.0,418.0
2021-04-16 21:00:00,4760,1728.0,400.0,336.0
2021-04-16 22:00:00,5197,1507.0,391.0,375.0
2021-04-16 23:00:00,4667,1469.0,276.0,228.0
2021-04-17 00:00:00,2755,918.0,191.0,156.0
2021-04-17 01:00:00,3820,1178.0,224.0,245.0
2021-04-17 02:00:00,2903,1185.0,195.0,260.0
2021-04-17 03:00:00,2727,1100.0,230.0,230.0
2021-04-17 04:00:00,3025,1165.0,225.0,225.0
2021-04-17 05:00:00,2789,1092.0,258.0,212.0
2021-04-17 06:00:00,1784,1173.0,161.0,280.0
2021-04-17 07:00:00,1477,952.0,174.0,178.0
2021-04-17 08:00:00,2156,1457.0,271.0,372.0
2021-04-17 09:00:00,2198,1456.0,231.0,272.0
2021-04-17 10:00:00,2333,1418.0,253.0,297.0
2021-04-17 11:00:00,2397,1519.0,259.0,307.0
2021-04-17 12:00:00,2372,1332.0,265.0,277.0
2021-04-17 13:00:00,3116,1513.0,309.0,320.0
2021-04-17 14:00:00,3533,1736.0,335.0,348.0
2021-04-17 15:00:00,2785,1622.0,368.0,301.0
2021-04-17 16:00:00,2547,1687.0,275.0,284.0
2021-04-17 17:00:00,2709,1607.0,327.0,278.0
2021-04-17 18:00:00,2641,1960.0,276.0,296.0
2021-04-17 19:00:00,4072,1533.0,265.0,299.0
2021-04-17 20:00:00,2851,1522.0,237.0,292.0
2021-04-17 21:00:00,2245,1431.0,289.0,342.0
2021-04-17 22:00:00,2233,1460.0,266.0,392.0
2021-04-17 23:00:00,1923,1191.0,223.0,346.0
2021-04-18 00:00:00,1560,1524.0,248.0,199.0
2021-04-18 01:00:00,1563,1489.0,212.0,235.0
2021-04-18 02:00:00,1711,1347.0,187.0,283.0
2021-04-18 03:00:00,2050,4187.0,263.0,563.0
2021-04-18 04:00:00,1976,4221.0,233.0,558.0
2021-04-18 05:00:00,1669,3553.0,276.0,459.0
2021-04-18 06:00:00,1767,3409.0,268.0,422.0
2021-04-18 07:00:00,1596,3788.0,289.0,508.0
2021-04-18 08:00:00,1878,4184.0,248.0,573.0
2021-04-18 09:00:00,2315,4393.0,288.0,716.0
2021-04-18 10:00:00,1830,4501.0,308.0,801.0
2021-04-18 11:00:00,1639,3801.0,289.0,671.0
2021-04-18 12:00:00,1907,4546.0,349.0,766.0
2021-04-18 13:00:00,1853,3893.0,442.0,697.0
2021-04-18 14:00:00,2267,3521.0,461.0,553.0
2021-04-18 15:00:00,2443,3543.0,324.0,463.0
2021-04-18 16:00:00,2337,3547.0,296.0,499.0
2021-04-18 17:00:00,2436,2861.0,301.0,441.0
2021-04-18 18:00:00,2659,2635.0,355.0,359.0
2021-04-18 19:00:00,3017,2278.0,293.0,372.0
2021-04-18 20:00:00,3465,2439.0,304.0,412.0
2021-04-18 21:00:00,3070,2418.0,339.0,355.0
2021-04-18 22:00:00,1855,1926.0,318.0,337.0
2021-04-18 23:00:00,1941,1570.0,200.0,286.0
2021-04-19 00:00:00,1797,1746.0,221.0,297.0
2021-04-19 01:00:00,1903,1609.0,224.0,216.0
2021-04-19 02:00:00,2175,1350.0,210.0,215.0
2021-04-19 03:00:00,1730,1344.0,216.0,249.0
2021-04-19 04:00:00,1696,1314.0,212.0,286.0
2021-04-19 05:00:00,1418,1502.0,238.0,280.0
2021-04-19 06:00:00,1372,1487.0,236.0,303.0
2021-04-19 07:00:00,1998,1994.0,281.0,334.0
2021-04-19 08:00:00,3161,1797.0,248.0,340.0
2021-04-19 09:00:00,2290,1726.0,313.0,355.0
2021-04-19 10:00:00,3676,1741.0,287.0,365.0
2021-04-19 11:00:00,3609,1932.0,265.0,341.0
2021-04-19 12:00:00,3809,2122.0,308.0,391.0
2021-04-19 13:00:00,3224,2240.0,356.0,476.0
2021-04-19 14:00:00,3139,2319.0,422.0,498.0
2021-04-19 15:00:00,2977,2588.0,370.0,490.0
2021-04-19 16:00:00,3239,2431.0,382.0,495.0
2021-04-19 17:00:00,3610,2254.0,362.0,437.0
2021-04-19 18:00:00,3096,2099.0,402.0,401.0
2021-04-19 19:00:00,3131,1969.0,327.0,387.0
2021-04-19 20:00:00,4017,1723.0,380.0,402.0
2021-04-19 21:00:00,3813,1806.0,271.0,342.0
2021-04-19 22:00:00,3845,1671.0,240.0,288.0
2021-04-19 23:00:00,3166,1432.0,216.0,217.0
2021-04-20 00:00:00,2632,1890.0,232.0,272.0
2021-04-20 01:00:00,2687,1659.0,223.0,289.0
2021-04-20 02:00:00,2530,1479.0,195.0,289.0
2021-04-20 03:00:00,3000,1305.0,216.0,342.0
2021-04-20 04:00:00,4206,1129.0,199.0,257.0
2021-04-20 05:00:00,3820,1374.0,240.0,270.0
2021-04-20 06:00:00,2915,1587.0,226.0,309.0
2021-04-20 07:00:00,2666,2030.0,267.0,388.0
2021-04-20 08:00:00,2463,1904.0,235.0,442.0
2021-04-20 09:00:00,3026,1834.0,267.0,344.0
2021-04-20 10:00:00,2767,1989.0,301.0,475.0
2021-04-20 11:00:00,2931,1990.0,277.0,366.0
2021-04-20 12:00:00,2981,2008.0,280.0,383.0
2021-04-20 13:00:00,3754,2155.0,309.0,456.0
2021-04-20 14:00:00,3806,2108.0,379.0,445.0
2021-04-20 15:00:00,3570,2190.0,307.0,469.0
2021-04-20 16:00:00,4439,1971.0,432.0,482.0
2021-04-20 17:00:00,3803,2139.0,362.0,420.0
2021-04-20 18:00:00,2957,2028.0,402.0,399.0
2021-04-20 19:00:00,2853,2031.0,323.0,467.0
2021-04-20 20:00:00,3615,1913.0,339.0,417.0
2021-04-20 21:00:00,3947,1797.0,323.0,373.0
2021-04-20 22:00:00,3077,1445.0,269.0,349.0
2021-04-20 23:00:00,2520,1361.0,281.0,268.0
2021-04-21 00:00:00,1989,1272.0,317.0,252.0
2021-04-21 01:00:00,1916,1129.0,213.0,230.0
2021-04-21 02:00:00,1678,1058.0,214.0,222.0
2021-04-21 03:00:00,1533,1055.0,181.0,281.0
2021-04-21 04:00:00,1393,1122.0,230.0,315.0
2021-04-21 05:00:00,1564,1170.0,243.0,239.0
2021-04-21 06:00:00,1121,1285.0,277.0,310.0
2021-04-21 07:00:00,1235,1551.0,336.0,386.0
2021-04-21 08:00:00,1630,1431.0,308.0,355.0
2021-04-21 09:00:00,1573,1631.0,291.0,372.0
2021-04-21 10:00:00,1251,1474.0,305.0,307.0
2021-04-21 11:00:00,1343,1689.0,318.0,353.0
2021-04-21 12:00:00,1548,1902.0,422.0,343.0
2021-04-21 13:00:00,1882,1920.0,404.0,401.0
2021-04-21 14:00:00,1901,1937.0,468.0,365.0
2021-04-21 15:00:00,1759,2044.0,460.0,446.0
2021-04-21 16:00:00,1942,2126.0,407.0,432.0
2021-04-21 17:00:00,2019,1828.0,376.0,362.0
2021-04-21 18:00:00,1788,1847.0,340.0,339.0
2021-04-21 19:00:00,1815,1804.0,310.0,357.0
2021-04-21 20:00:00,1660,1907.0,342.0,372.0
2021-04-21 21:00:00,2394,1898.0,308.0,359.0
2021-04-21 22:00:00,1825,1907.0,313.0,366.0
2021-04-21 23:00:00,1416,1744.0,246.0,284.0
2021-04-22 00:00:00,1517,1608.0,238.0,253.0
2021-04-22 01:00:00,1381,1444.0,238.0,207.0
2021-04-22 02:00:00,1454,1756.0,243.0,261.0
2021-04-22 03:00:00,1487,1339.0,225.0,236.0
2021-04-22 04:00:00,1510,1209.0,217.0,220.0
2021-04-22 05:00:00,1449,1330.0,240.0,243.0
2021-04-22 06:00:00,1227,1507.0,359.0,381.0
2021-04-22 07:00:00,1003,1616.0,297.0,389.0
2021-04-22 08:00:00,1062,1688.0,346.0,336.0
2021-04-22 09:00:00,996,1769.0,341.0,343.0
2021-04-22 10:00:00,1019,1787.0,471.0,339.0
2021-04-22 11:00:00,1222,1874.0,950.0,523.0
2021-04-22 12:00:00,1866,2038.0,799.0,505.0
2021-04-22 13:00:00,1818,2119.0,633.0,516.0
2021-04-22 14:00:00,1716,2123.0,647.0,508.0
2021-04-22 15:00:00,1935,2218.0,774.0,494.0
2021-04-22 16:00:00,1719,2036.0,870.0,550.0
2021-04-22 17:00:00,2076,2209.0,598.0,581.0
2021-04-22 18:00:00,1692,2793.0,547.0,434.0
2021-04-22 19:00:00,1587,2474.0,399.0,476.0
2021-04-22 20:00:00,1697,2788.0,449.0,457.0
2021-04-22 21:00:00,1887,4169.0,408.0,540.0
2021-04-22 22:00:00,1371,2415.0,283.0,394.0
2021-04-22 23:00:00,1190,1859.0,264.0,313.0
2021-04-23 00:00:00,1155,1733.0,259.0,266.0
2021-04-23 01:00:00,1839,2389.0,264.0,274.0
2021-04-23 02:00:00,3814,3649.0,244.0,610.0
2021-04-23 03:00:00,2332,2783.0,274.0,463.0
2021-04-23 04:00:00,1539,2232.0,191.0,344.0
2021-04-23 05:00:00,1633,2710.0,279.0,408.0
2021-04-23 06:00:00,1470,2959.0,272.0,459.0
2021-04-23 07:00:00,1283,3412.0,279.0,552.0
2021-04-23 08:00:00,1767,3653.0,336.0,497.0
2021-04-23 09:00:00,1547,3126.0,245.0,428.0
2021-04-23 10:00:00,1266,3180.0,327.0,592.0
2021-04-23 11:00:00,1074,3233.0,359.0,825.0
2021-04-23 12:00:00,1125,2878.0,383.0,687.0
2021-04-23 13:00:00,1247,3019.0,356.0,649.0
2021-04-23 14:00:00,1380,2854.0,436.0,552.0
2021-04-23 15:00:00,1512,2610.0,482.0,448.0
2021-04-23 16:00:00,1529,2429.0,514.0,426.0
2021-04-23 17:00:00,1313,2456.0,430.0,450.0
2021-04-23 18:00:00,1060,2649.0,446.0,448.0
2021-04-23 19:00:00,1148,2053.0,417.0,409.0
2021-04-23 20:00:00,1584,2452.0,359.0,391.0
2021-04-23 21:00:00,1314,2162.0,336.0,411.0
2021-04-23 22:00:00,964,1747.0,264.0,289.0
2021-04-23 23:00:00,1088,1717.0,254.0,264.0
2021-04-24 00:00:00,1196,1679.0,199.0,264.0
2021-04-24 01:00:00,859,1322.0,160.0,202.0
2021-04-24 02:00:00,774,1272.0,206.0,180.0
2021-04-24 03:00:00,737,1128.0,214.0,177.0
2021-04-24 04:00:00,756,1053.0,218.0,254.0
2021-04-24 05:00:00,881,1127.0,304.0,297.0
2021-04-24 06:00:00,2019,1353.0,330.0,266.0
2021-04-24 07:00:00,1477,1609.0,387.0,377.0
2021-04-24 08:00:00,2012,1601.0,434.0,348.0
2021-04-24 09:00:00,1832,1663.0,463.0,321.0
2021-04-24 10:00:00,1908,1557.0,410.0,325.0
2021-04-24 11:00:00,1104,1864.0,434.0,290.0
2021-04-24 12:00:00,1251,1849.0,989.0,364.0
2021-04-24 13:00:00,1316,1879.0,846.0,386.0
2021-04-24 14:00:00,1699,2011.0,746.0,360.0
2021-04-24 15:00:00,1697,2044.0,639.0,410.0
2021-04-24 16:00:00,1439,1945.0,576.0,417.0
2021-04-24 17:00:00,1521,1835.0,511.0,394.0
2021-04-24 18:00:00,1506,1845.0,443.0,348.0
2021-04-24 19:00:00,1381,1741.0,408.0,345.0
2021-04-24 20:00:00,1278,1554.0,368.0,302.0
2021-04-24 21:00:00,1246,1579.0,433.0,370.0
2021-04-24 22:00:00,1138,1384.0,370.0,289.0
2021-04-24 23:00:00,932,1345.0,270.0,230.0
2021-04-25 00:00:00,1018,1271.0,248.0,217.0
2021-04-25 01:00:00,1255,1204.0,240.0,197.0
2021-04-25 02:00:00,1104,1002.0,229.0,165.0
2021-04-25 03:00:00,1366,918.0,249.0,219.0
2021-04-25 04:00:00,906,979.0,258.0,233.0
2021-04-25 05:00:00,856,996.0,288.0,198.0
2021-04-25 06:00:00,780,1081.0,312.0,236.0
2021-04-25 07:00:00,711,1273.0,373.0,330.0
2021-04-25 08:00:00,638,1345.0,287.0,268.0
2021-04-25 09:00:00,636,1412.0,372.0,267.0
2021-04-25 10:00:00,632,1484.0,357.0,303.0
2021-04-25 11:00:00,650,1466.0,394.0,371.0
2021-04-25 12:00:00,847,1537.0,398.0,349.0
2021-04-25 13:00:00,975,1573.0,493.0,320.0
2021-04-25 14:00:00,1277,1611.0,448.0,398.0
2021-04-25 15:00:00,1084,1942.0,464.0,381.0
2021-04-25 16:00:00,1184,1728.0,453.0,440.0
2021-04-25 17:00:00,1109,1668.0,438.0,287.0
2021-04-25 18:00:00,1066,1914.0,388.0,289.0
2021-04-25 19:00:00,926,1804.0,371.0,346.0
2021-04-25 20:00:00,869,2066.0,332.0,378.0
2021-04-25 21:00:00,1082,3447.0,371.0,431.0
2021-04-25 22:00:00,841,2599.0,288.0,338.0
2021-04-25 23:00:00,763,1712.0,313.0,241.0
2021-04-26 00:00:00,712,2066.0,299.0,263.0
2021-04-26 01:00:00,781,1896.0,305.0,253.0
2021-04-26 02:00:00,827,1844.0,239.0,246.0
2021-04-26 03:00:00,720,1410.0,294.0,256.0
2021-04-26 04:00:00,711,1292.0,296.0,232.0
2021-04-26 05:00:00,714,1437.0,259.0,282.0
2021-04-26 06:00:00,710,1818.0,338.0,328.0
2021-04-26 07:00:00,533,1674.0,347.0,393.0
2021-04-26 08:00:00,527,1519.0,362.0,401.0
2021-04-26 09:00:00,486,1759.0,329.0,355.0
2021-04-26 10:00:00,514,1874.0,354.0,370.0
2021-04-26 11:00:00,610,2079.0,366.0,468.0
2021-04-26 12:00:00,1008,2351.0,418.0,485.0
2021-04-26 13:00:00,887,2599.0,468.0,450.0
2021-04-26 14:00:00,1039,2338.0,427.0,420.0
2021-04-26 15:00:00,999,2073.0,521.0,419.0
2021-04-26 16:00:00,997,2016.0,407.0,348.0
2021-04-26 17:00:00,962,2208.0,424.0,351.0
2021-04-26 18:00:00,1127,2079.0,346.0,373.0
2021-04-26 19:00:00,1091,1969.0,449.0,356.0
2021-04-26 20:00:00,1153,2328.0,474.0,345.0
2021-04-26 21:00:00,1082,2920.0,326.0,354.0
2021-04-26 22:00:00,956,2174.0,315.0,321.0
2021-04-26 23:00:00,1305,2020.0,304.0,249.0
